subject,deck,topic,front,back
Dermatology,Part-1,Skin Layers & Embryology,What are the three main layers of the skin and their embryological origin?,"Epidermis (ectoderm), Dermis (mesoderm), and Hypodermis/subcutis (mesoderm)."
Dermatology,Part-1,Skin Layers & Embryology,"Despite both residing in the epidermis, what is the embryological origin of melanocytes vs Langerhans cells?",Melanocytes arise from neural crest cells; Langerhans cells arise from mesoderm (bone marrow-derived).
Dermatology,Part-1,Skin Layers & Embryology,What are the two layers of the dermis and its collagen type?,Papillary dermis (superficial) and Reticular dermis (deeper); the dermis has dense irregular collagen.
Dermatology,Part-1,Epidermal Layers,"List the 5 layers of the epidermis, from deepest to most superficial.","Stratum basale, stratum spinosum, stratum granulosum, stratum lucidum, stratum corneum."
Dermatology,Part-1,Epidermal Layers,"Where is the stratum lucidum found, and what does it contain?",Only in palms and soles; contains refractile granules of eleidin.
Dermatology,Part-1,Epidermal Layers,"What structures/proteins are in the stratum granulosum, and which conditions relate to them?",Odland (lamellar) bodies and keratohyaline granules; contains filaggrin (deficiency causes ichthyosis vulgaris); also associated with asteatotic eczema.
Dermatology,Part-1,Epidermal Layers,"What is the key epidermal adhesion molecule in the stratum spinosum (""acanthocytes""), and which diseases cause acantholysis there?","Desmoglein (DSG); acantholysis occurs in Pemphigus (anti-DSG antibodies), HSV, Hailey-Hailey disease, and Darier disease (the latter two via defective calcium-ATPase pumps)."
Dermatology,Part-1,Epidermal Layers,Which calcium pump gene is defective in Hailey-Hailey disease vs Darier disease?,Hailey-Hailey: ATP2C1 (Ca-ATPase pump); Darier disease: ATP2A2 (Ca-ATPase/SERCA2 pump).
Dermatology,Part-1,Epidermal Layers,Which antigen-presenting epidermal cell resides in the stratum spinosum?,Langerhans cells (APC).
Dermatology,Part-1,Epidermal Layers,What two epidermal layers together make up the ''Malpighian layer''?,Stratum basale + stratum spinosum.
Dermatology,Part-1,Epidermal Layers,What immunohistochemical markers identify melanocytes (stratum basale)?,"S-100, HMB-45, Melan-A."
Dermatology,Part-1,Epidermal Layers,"What markers identify Merkel cells, and what malignancy is associated?","CK20 positive, CK7 negative; associated with Merkel cell carcinoma (colon cancer can show a similar CK20+/CK7- pattern)."
Dermatology,Part-1,Key Numbers,What is the epidermal melanin unit ratio?,1 melanocyte : 36 keratinocytes.
Dermatology,Part-1,Key Numbers,"What is the normal epidermal turnover time, and how does it change in psoriasis?",Normal turnover is ~56 days; reduced to 5-6 days in psoriasis due to accelerated proliferation.
Dermatology,Part-1,Langerhans Cell Histiocytosis,What are the characteristic ultrastructural/immunohistochemical findings in Langerhans Cell Histiocytosis?,"Birbeck granules (tennis-racket shaped), CD207 (langerin), S-100 positivity, and CD1a positivity."
Dermatology,Part-1,Langerhans Cell Histiocytosis,What is the Hand-Schüller-Christian triad?,"Proptosis, Diabetes insipidus, and Calvarial (lytic) skull lesions — a form of Langerhans Cell Histiocytosis."
Dermatology,Part-1,Skin Appendages & Glands,What type of secretion do sebaceous glands use?,Holocrine secretion.
Dermatology,Part-1,Skin Appendages & Glands,Are eccrine and apocrine sweat glands associated with hair follicles?,"Eccrine glands are NOT associated with hair follicles; apocrine glands ARE associated with hair follicles (found at groin/axilla, and are responsible for body odour)."
Dermatology,Part-1,Skin Appendages & Glands,"What are the three stages of Miliaria, based on level of sweat duct obstruction?","Miliaria crystallina (intraepidermal sweat duct, most superficial), Miliaria rubra (reabsorptive sweat duct), Miliaria profunda (deeper, at the secretory coil)."
Dermatology,Part-1,Skin Appendages & Glands,List the ectopic sebaceous glands and their locations.,"Fordyce spots (lips), Montgomery tubercles (areola/breast), Meibomian and Zeis glands (eyelids), Tyson's glands (prepuce)."
Dermatology,Part-1,Skin Appendages & Glands,List the modified apocrine glands and their locations.,"Mammary glands (breast), Moll's glands (eyelids), Ceruminous glands (external auditory canal)."
Dermatology,Part-1,Skin Appendages & Glands,"What two conditions arise from apocrine gland pathology, and how do they differ?",Fox-Fordyce disease (apocrine duct occlusion causing pruritic papules) and Hidradenitis Suppurativa (chronic secondary inflammation of apocrine glands leading to discharging sinuses).
Dermatology,Part-1,Dermatopathology Terms,"Differentiate hyperkeratosis, parakeratosis, and orthokeratosis, with associated conditions.","Hyperkeratosis = increased keratin/thickness (Psoriasis, Lichen Planus); Parakeratosis = retained nuclei in stratum corneum (Psoriasis, chronic eczema, actinic keratosis, SCC); Orthokeratosis = hyperkeratosis WITHOUT parakeratosis (Lichen Planus)."
Dermatology,Part-1,Dermatopathology Terms,"What is dyskeratosis, and which conditions show it?","Premature/abnormal keratinization of individual keratinocytes; seen in Darier's disease, actinic keratosis, and SCC."
Dermatology,Part-1,Dermatopathology Terms,Contrast hypergranulosis and agranulosis with their associated conditions.,"Hypergranulosis (thickened granular layer) occurs in Lichen Planus, producing Wickham's striae; Agranulosis (absent granular layer) occurs in Psoriasis."
Dermatology,Part-1,Dermatopathology Terms,Differentiate spongiosis and acanthosis.,"Spongiosis = intercellular epidermal edema, seen in acute eczema; Acanthosis = epidermal thickening, seen in Psoriasis."
Dermatology,Part-1,Dermatopathology Terms,What is ''ballooning degeneration'' and where is it seen?,Intracellular edema of keratinocytes; seen in HSV infection.
Dermatology,Part-1,Dermatopathology Terms,"What is acantholysis, and which conditions show it?","Loss of intercellular cohesion between keratinocytes; seen in Pemphigus, SSSS, HSV, Hailey-Hailey disease, and Darier disease."
Dermatology,Part-1,Dermatopathology Terms,What is Munro's microabscess (cell type and disease)?,"Neutrophilic collections within the stratum corneum, seen in Psoriasis."
Dermatology,Part-1,Dermatopathology Terms,What is Pautrier's microabscess (cell type and disease)?,"Collections of lymphocytes within the epidermis, seen in Mycosis Fungoides/Cutaneous T-cell Lymphoma."
Dermatology,Part-1,Dermatopathology Terms,"What are Civatte bodies, and what infection is their associated disease linked to?",Apoptotic keratinocytes seen in Lichen Planus; LP is associated with Hepatitis C infection (Councilman bodies are the analogous hepatic apoptotic bodies seen in viral hepatitis).
Dermatology,Part-1,Dermatopathology Terms,What is the earliest histological change in psoriasis?,Thinning of the suprapapillary epidermal plates.
Dermatology,Part-1,Dermatopathology Terms,List the characteristic histological findings in psoriasis.,"Parakeratosis, hyperkeratosis, agranulosis, Munro's microabscess (in stratum corneum), spongiform pustules of Kogoj (spinous/granular layer), club-shaped rete ridges, and dilated papillary dermal vessels with surrounding inflammation."
Dermatology,Part-1,Dermatopathology Terms,List the characteristic histological findings in Lichen Planus.,"Orthokeratosis with hypergranulosis (Wickham's striae), Civatte bodies, Max-Joseph space (basal cell degeneration/cleft), and a band-like (lichenoid) lymphocytic infiltrate at the dermo-epidermal junction."
Dermatology,Part-1,Dermatopathology Terms,What immune markers/cytokines are elevated in psoriasis pathogenesis?,"TNF-alpha, IL-6, CRP, and HLA-B27 association."
Dermatology,Part-1,Dermatopathology Terms,What is the immune mechanism underlying Lichen Planus?,T-cell mediated (CD8+ cytotoxic T cells) causing interface dermatitis.
Dermatology,Part-1,Basic Lesion Morphology,What causes urticarial wheals histologically?,Dermal edema.
Dermatology,Part-1,Basic Lesion Morphology,How do you differentiate purpura from erythema using diascopy?,Purpura (due to RBC extravasation) does NOT blanch on diascopy; Erythema (due to vasodilation) DOES blanch on diascopy.
Dermatology,Part-1,Basic Lesion Morphology,"Besides purpura, name other related vascular/hemorrhagic skin lesion types.","Abscess, petechiae, purpura, and ecchymosis."
Dermatology,Part-2,Psoriasis - Clinical Features,What are the classic site/scale/nail features of plaque psoriasis?,"Extensor surfaces with silvery scales; nail changes include irregular pitting, the oil-droplet sign, and subungual hyperkeratosis."
Dermatology,Part-2,Psoriasis - Clinical Features,"What is the ""pencil-in-cup"" deformity, and with which psoriatic condition is it associated?",A radiographic finding of erosion of the distal phalanx (cup) with tapering of the adjacent bone (pencil); seen in psoriatic arthritis mutilans.
Dermatology,Part-2,Psoriasis - Clinical Features,What is the most common joint pattern affected in psoriatic arthritis?,"DIP joints most commonly, typically as an oligoarthritis."
Dermatology,Part-2,Psoriasis - Clinical Features,"What is inverse (flexural) psoriasis, and how does it differ from plaque psoriasis?","It involves flexor surfaces/skin folds rather than extensors, and characteristically shows NO scales."
Dermatology,Part-2,Psoriasis - Signs & Phenomena,"What are the grattage test, Berkley membrane, and Auspitz sign in psoriasis?","Gentle scraping of a psoriatic scale (grattage test) first reveals a thin membrane (Berkley membrane); further scraping produces pinpoint bleeding (Auspitz sign), due to thinned suprapapillary plates over dilated capillaries."
Dermatology,Part-2,Psoriasis - Signs & Phenomena,"What is the Koebner phenomenon (isomorphic response), and in which 3 conditions is it classically seen?","Development of new lesions at sites of trauma; classically seen in Lichen Planus, Psoriasis (which can also show ""reverse"" Koebner), and Vitiligo."
Dermatology,Part-2,Psoriasis - Signs & Phenomena,"What is ""pseudo-Koebner phenomenon,"" and in which conditions is it seen?",New lesions at trauma sites due to auto-inoculation (not a true isomorphic response); seen in viral warts and molluscum contagiosum.
Dermatology,Part-2,Psoriasis - Signs & Phenomena,What is the Woronoff ring in psoriasis?,"A pale halo/ring around a psoriatic plaque, caused by local prostaglandin (PG) release."
Dermatology,Part-2,Psoriasis Variants,"What triggers guttate psoriasis, and what is its treatment?",Preceded by an upper respiratory tract infection (Group A Streptococcus); treated with macrolides.
Dermatology,Part-2,Psoriasis Variants,"How is erythrodermic psoriasis defined (BSA), and how is it treated?",Psoriasis involving >90% body surface area; treated with Methotrexate (MTX).
Dermatology,Part-2,Psoriasis Variants,"What typically precedes pustular psoriasis, and what is the eponym for its generalized form?",A history of steroid withdrawal; the generalized/diffuse form is called Von Zumbusch disease.
Dermatology,Part-2,Psoriasis Variants,"What is impetigo herpetiformis, and how is it treated?",A pustular psoriasis variant occurring in pregnancy; treated with systemic steroids.
Dermatology,Part-2,Psoriasis - Immunology & Treatment,Which HLA types and cytokines are associated with psoriasis pathogenesis?,"HLA-Cw6 and HLA-B27; cytokines TNF-alpha, IL-17, and IL-23."
Dermatology,Part-2,Psoriasis - Immunology & Treatment,List drugs/factors known to worsen or trigger psoriasis.,"Lithium, Chloroquine, Beta-blockers, NSAIDs, systemic Steroids, Alcohol, and Smoking."
Dermatology,Part-2,Psoriasis - Immunology & Treatment,Outline psoriasis treatment stepwise by body surface area (BSA) involvement.,"<10% BSA: topical steroids. >10% BSA: phototherapy (PUVA or NB-UVB at 311 nm), stepping up to Methotrexate (MTX) if needed."
Dermatology,Part-2,Psoriasis - Immunology & Treatment,How are psoriatic arthritis and erythrodermic psoriasis treated?,Methotrexate (MTX).
Dermatology,Part-2,Psoriasis - Immunology & Treatment,"How is pustular psoriasis treated, and what precaution is needed with this drug?",Acitretin (a retinoid); pregnancy must be avoided for 3 years after stopping due to teratogenicity.
Dermatology,Part-2,Psoriasis - Immunology & Treatment,Match the biologic drug classes used in psoriasis to their targets: Ixekizumab/Secukinumab; Risankizumab/Guselkumab/Tildrakizumab; Ustekinumab; Apremilast; Tofacitinib.,"Ixekizumab & Secukinumab = IL-17 inhibitors; Risankizumab, Guselkumab & Tildrakizumab = IL-23 inhibitors; Ustekinumab = IL-12/IL-23 inhibitor; Apremilast = PDE4 inhibitor; Tofacitinib = JAK1/3 inhibitor."
Dermatology,Part-2,Lichen Planus,"What are the classic ""6 P's"" of Lichen Planus?","Pruritic, Purple, Planar, Polygonal, Papules, Plaques."
Dermatology,Part-2,Lichen Planus,"Where does Lichen Planus classically occur, and what infection is it associated with?",Flexural surfaces; associated with Hepatitis C infection.
Dermatology,Part-2,Lichen Planus,"Describe Wickham's striae, and how do they differ from oral candidiasis plaques?","Lacy, reticular white lines seen in oral LP lesions; they cannot be wiped off (unlike oral candidiasis, which can be)."
Dermatology,Part-2,Lichen Planus,What drugs/exposures can trigger a lichenoid eruption resembling Lichen Planus?,"ACE inhibitors, Beta-blockers, Chloroquine, and dental mercury (Hg) amalgam."
Dermatology,Part-2,Lichen Planus,What is the treatment for Lichen Planus?,Topical steroids.
Dermatology,Part-2,Lichen Nitidus,What are the characteristic dermoscopic and nail findings in Lichen Nitidus?,"Dermoscopy shows the ""pup-tent sign""; nails may show pterygium."
Dermatology,Part-2,Lichen Nitidus,What is the characteristic histopathological appearance of Lichen Nitidus?,"""Claw clutching a ball"" appearance — elongated rete ridges appear to clutch a dermal granulomatous infiltrate."
Dermatology,Part-2,Pityriasis Rubra Pilaris (PRP),What are the key clinical features of Pityriasis Rubra Pilaris?,"Palmoplantar keratoderma, perifollicular involvement, and characteristic ""islands of sparing"" of normal skin within affected areas."
Dermatology,Part-2,Pityriasis Rubra Pilaris (PRP),What is the characteristic histological pattern seen in PRP?,"A ""checkerboard pattern"" — alternating orthokeratosis and parakeratosis."
Dermatology,Part-2,Pityriasis Rubra Pilaris (PRP),"Besides PRP, name two other causes of palmoplantar keratoderma mentioned in the notes.",Type 2 Tyrosinemia and Arsenic exposure.
Dermatology,Part-3,Erythema Nodosum & Panniculitis,"What is erythema nodosum, and what are its major causes?","A nodular, tender panniculitis; major causes include Histoplasma infection, Tuberculosis, Sarcoidosis, Behçet's disease, and IBD."
Dermatology,Part-3,Erythema Nodosum & Panniculitis,What is Löfgren syndrome?,"An acute presentation of sarcoidosis featuring hilar lymphadenopathy, erythema nodosum, and arthritis."
Dermatology,Part-3,Erythema Nodosum & Panniculitis,"What is Erythema Induratum of Bazin, and what is it associated with?",A tuberculide — a TB-related panniculitis/vasculitis hypersensitivity reaction.
Dermatology,Part-3,Erythema Marginatum & Multiforme,"What is erythema marginatum, and what condition is it classically associated with?","A rash with pink, serpiginous/ring-like margins on trunk and limbs, classically seen in Acute Rheumatic Fever (ARF)."
Dermatology,Part-3,Erythema Marginatum & Multiforme,"What is the classic lesion morphology of Erythema Multiforme, and what are its major triggers?","Target (bull's-eye) lesions; major triggers include HSV (most common), Mycoplasma, sulfa drugs, beta-lactam antibiotics, and chloroquine."
Dermatology,Part-3,Erythema Marginatum & Multiforme,"What is ""bull's eye maculopathy,"" and what causes it?","A retinal finding of concentric pigmentary rings around the macula, caused by chloroquine (antimalarial) retinal toxicity."
Dermatology,Part-3,Erythema Migrans & Erythema Ab Igne,"What causes erythema migrans, how is it transmitted, and what is its treatment?","Caused by Lyme disease (Borrelia burgdorferi), transmitted by Ixodes tick bite (history of trekking); drug of choice is Doxycycline."
Dermatology,Part-3,Erythema Migrans & Erythema Ab Igne,"What is erythema ab igne, and what causes it?","A reticulate, hyperpigmented erythema caused by chronic exposure to heat (e.g., heating pads, laptops) rather than infection."
Dermatology,Part-3,Pyoderma Gangrenosum & Paraneoplastic Erythemas,"What is pyoderma gangrenosum, and which IBD subtype is it more strongly associated with?","A neutrophilic, ulcerating skin disease; more strongly associated with Ulcerative Colitis than Crohn's disease."
Dermatology,Part-3,Pyoderma Gangrenosum & Paraneoplastic Erythemas,Does IBD-associated erythema nodosum/pyoderma gangrenosum reliably improve with treatment of the underlying IBD?,"No — the source marks this relationship with 'XX' (the same shorthand used elsewhere in these notes to denote 'none/absent'), indicating no reliable response to IBD treatment."
Dermatology,Part-3,Pyoderma Gangrenosum & Paraneoplastic Erythemas,"What is Erythema Gyratum Repens, and what is it associated with?","A rare figurate erythema with a ""wood-grain"" pattern; strongly paraneoplastic, most often linked to underlying adenocarcinoma."
Dermatology,Part-4,Pityriasis Rosea,What is the classic distribution pattern of Pityriasis Rosea on the trunk?,"""Christmas tree"" pattern, following skin cleavage lines."
Dermatology,Part-4,Pityriasis Rosea,"What is the ""Herald patch"" in Pityriasis Rosea, and how does it appear?","The initial, largest lesion that precedes the generalized eruption; shows a collarette of scale resembling cigarette paper at its margin."
Dermatology,Part-4,Pityriasis Rosea,"What is the causative organism of Pityriasis Rosea, and what is its treatment?",Human Herpesvirus 6/7 (HHV-6/7); treatment is conservative (self-limiting).
Dermatology,Part-4,Pityriasis (Tinea) Versicolor,What is the most common causative organism of Pityriasis Versicolor?,Malassezia globosa (a Malassezia species).
Dermatology,Part-4,Pityriasis (Tinea) Versicolor,What is the mechanism behind hypopigmented lesions in Pityriasis Versicolor?,Malassezia produces azelaic acid which inhibits melanocyte tyrosinase activity causing hypopigmentation.
Dermatology,Part-4,Pityriasis (Tinea) Versicolor,What is the mechanism behind hyperpigmented lesions in Pityriasis Versicolor?,Increased melanosome production/transfer in the affected skin.
Dermatology,Part-4,Pityriasis (Tinea) Versicolor,Describe the characteristic scale and photosensitivity of Pityriasis Versicolor.,"Fine ""branny"" scales; lesions are photosensitive and fail to tan, becoming more visible with sun exposure."
Dermatology,Part-4,Pityriasis (Tinea) Versicolor,What does Wood's lamp examination show in Pityriasis Versicolor?,Golden-yellow fluorescence.
Dermatology,Part-4,Pityriasis (Tinea) Versicolor,What is the classic KOH mount appearance in Pityriasis Versicolor?,"""Spaghetti and meatball"" appearance (short hyphae with clusters of yeast/spores)."
Dermatology,Part-4,Pityriasis (Tinea) Versicolor,What culture medium and colony appearance is used to identify Malassezia?,"Sabouraud Dextrose Agar (SDA) overlaid with olive oil; colonies show a ""fried egg"" appearance."
Dermatology,Part-4,Tinea Nigra,What organism causes Tinea Nigra?,Hortaea werneckii (a dematiaceous fungus).
Dermatology,Part-4,Wood's Lamp,What are the technical specifications of a Wood's lamp?,"UV-A light at 365 nm, produced using a filter of barium silicate plus 9% nickel oxide (NiO)."
Dermatology,Part-5,Impetigo,"What organisms cause impetigo, and what is its classic appearance?","Group A Streptococcus (S. pyogenes) and Staphylococcus aureus; produces ""honey-colored crusting""."
Dermatology,Part-5,Impetigo,"What causes bullous impetigo, and what is the molecular target?","Staphylococcus aureus exfoliative toxin, which targets Desmoglein-1 (Dsg-1)."
Dermatology,Part-5,Erysipelas vs Cellulitis,"Differentiate erysipelas from cellulitis by depth of involvement, organism, and lesion appearance.","Erysipelas involves the superficial dermis, usually caused by Streptococcus, presenting as a well-defined, raised, erythematous lesion (positive Millian's ear sign). Cellulitis involves the deeper dermis, is caused by both Group A Strep and Staph, and presents as an ill-defined lesion."
Dermatology,Part-5,SSSS & Reactive Arthritis,"What is SSSS/Ritter disease — its target antigen, age group, and mucosal involvement?","Staphylococcal Scalded Skin Syndrome, caused by an exfoliative toxin targeting Desmoglein-1; occurs in infants with diffuse skin peeling; oral mucosa is NOT involved (distinguishing it from TEN)."
Dermatology,Part-5,SSSS & Reactive Arthritis,What is reactive arthritis (Reiter's disease) — its triad and typical antecedent infections?,"A seronegative arthritis with conjunctivitis, arthritis, and urethritis; typically follows an STD or GI infection (e.g., Campylobacter, Shigella)."
Dermatology,Part-5,SSSS & Reactive Arthritis,What skin/mucosal findings accompany reactive arthritis?,Circinate balanitis and keratoderma blenorrhagicum.
Dermatology,Part-5,Folliculitis to Carbuncle & Scleredema,What is the progression from folliculitis to furuncle to carbuncle?,"Folliculitis (infection of a single hair follicle) progresses to Furuncle (deeper abscess of a single follicle), which can coalesce into a Carbuncle (multiple furuncles); carbuncles are associated with diabetes."
Dermatology,Part-5,Folliculitis to Carbuncle & Scleredema,What condition is Scleredema (Scleredema diabeticorum) associated with?,Diabetes mellitus.
Dermatology,Part-5,Necrotizing Soft Tissue Infections,What are Fournier's gangrene and Meleney's gangrene?,Both are forms of necrotizing fasciitis — Fournier's gangrene affects the perineal/genital region; necrotizing fasciitis in general is typically polymicrobial.
Dermatology,Part-5,Necrotizing Soft Tissue Infections,"In Fournier's gangrene, are the testes typically involved?","No — the testes are typically spared, due to their separate blood supply."
Dermatology,Part-5,Necrotizing Soft Tissue Infections,What class of drug is a recognized risk factor for Fournier's gangrene/necrotizing fasciitis?,SGLT-2 inhibitors (gliflozins).
Dermatology,Part-5,Erythrasma,"What organism causes erythrasma, and what does Wood's lamp show?",Corynebacterium minutissimum; Wood's lamp shows coral-red fluorescence.
Dermatology,Part-5,Candida Intertrigo & Acanthosis Nigricans,What are the classic features of candidal intertrigo?,"Occurs in humid, skin-fold areas; presents with satellite lesions (small pustules/papules surrounding the main lesion)."
Dermatology,Part-5,Candida Intertrigo & Acanthosis Nigricans,What are the major causes of acanthosis nigricans?,"Insulin resistance (Diabetes Mellitus, PCOD), paraneoplastic syndrome (associated with adenocarcinoma), and HAIR-AN syndrome."
Dermatology,Part-5,Candida Intertrigo & Acanthosis Nigricans,What does HAIR-AN syndrome stand for?,"HyperAndrogenism, Insulin Resistance, Acanthosis Nigricans."
Dermatology,Part-5,Candida Intertrigo & Acanthosis Nigricans,"What does SAHA syndrome stand for, and what is its underlying cause?","Seborrhea, Acne, Hirsutism, Alopecia — an androgen excess syndrome."
Dermatology,Part-5,Darier's vs Hailey-Hailey Disease,"What gene/pump defect causes Darier's disease, and what are its nail and skin findings?","ATP2A2 gene (SERCA2 calcium-ATPase pump) defect; skin shows greasy ""crop-grain"" papules; nails show V-shaped nicking."
Dermatology,Part-5,Darier's vs Hailey-Hailey Disease,"What gene/pump defect causes Hailey-Hailey disease, and what are its nail and histology findings?","ATP2C1 gene (Golgi Ca-ATPase pump) defect; nails show longitudinal lines; histology shows a ""dilapidated brick wall"" pattern of acantholysis."
Dermatology,Part-5,Darier's vs Hailey-Hailey Disease,What histological feature is common to both Darier's disease and Hailey-Hailey disease?,"Acantholysis (loss of keratinocyte cohesion), each due to a distinct calcium-ATPase pump defect."
Dermatology,Part-5,Miscellaneous Bacterial/Fungal Skin Findings,"What causes pitted keratolysis, and what factor predisposes to it?",Caused by Micrococcus (Kytococcus) species; predisposed to by prolonged moisture/water exposure of the feet.
Dermatology,Part-5,Perianal Dermatoses,"Compare contact dermatitis, candida dermatitis, and perianal streptococcal infection by age group, rash location, appearance, and treatment.","Contact dermatitis: infants (most common); spares skin folds; red, irritated skin; treated with barrier ointment/paste. Candida dermatitis: infants (2nd most common); involves skin folds; beefy-red with satellite lesions; treated with topical antifungals. Perianal Streptococcus: school-aged children; perianal/perineal area; bright, sharply demarcated erythema; treated with oral antibiotics."
Dermatology,Part-6,Scarring Alopecia,"What mnemonic covers the main causes of scarring alopecia, and what is the DOC for one of them?","T-L-D: Tinea capitis (DOC: Griseofulvin), Lichen Planus, and Discoid Lupus Erythematosus (DLE)."
Dermatology,Part-6,Scarring Alopecia,What is the ''footprints in snow'' appearance associated with?,"Pseudopelade of Brocq, a form of scarring alopecia."
Dermatology,Part-6,Scarring Alopecia,"What condition, causing a receding hairline with perifollicular scarring, is shown alongside Pseudopelade of Brocq as a scarring alopecia?",Focal Fibrosing Alopecia.
Dermatology,Part-6,Non-Scarring Alopecia,"What causes telogen effluvium, and what is its typical timing?",Stress or pregnancy; hair loss typically occurs about 3 months after the triggering event.
Dermatology,Part-6,Non-Scarring Alopecia,What causes anagen effluvium?,Chemotherapy.
Dermatology,Part-6,Non-Scarring Alopecia,"What is trichotillomania, and what sign describes the appearance of its irregular bald patch?",An OCD-related hair-pulling disorder affecting accessible areas of the scalp; the irregular patch is described by the source as the 'Fair Tuck sign' (likely a variant spelling of the eponymous 'Friar Tuck sign').
Dermatology,Part-6,Non-Scarring Alopecia,What histological/clinical features are seen in trichotillomania?,"Broken hair follicles, hemorrhage, and hairs of varying lengths within the patch; can be complicated by a trichobezoar from hair swallowing (trichophagia)."
Dermatology,Part-6,Androgenetic Alopecia,What are the treatment options for androgenetic alopecia?,"Topical Minoxidil (2% for females, 5% for males), Oral Finasteride (a 5-alpha reductase inhibitor), and anti-androgens (used only in females)."
Dermatology,Part-6,Androgenetic Alopecia,Which classification systems are used for male vs female pattern androgenetic alopecia?,Hamilton classification for male-pattern baldness; Ludwig classification for female-pattern baldness.
Dermatology,Part-6,Alopecia Areata,What is the pathophysiology of alopecia areata?,An autoimmune process directed against hair follicles.
Dermatology,Part-6,Alopecia Areata,What histological and clinical hair findings are characteristic of alopecia areata?,"""Swarm of bees"" appearance (peribulbar lymphocytic infiltrate) on histology; exclamation-mark hairs clinically."
Dermatology,Part-6,Alopecia Areata,What nail finding and unusual hair phenomenon are associated with alopecia areata?,"Regular nail pitting; and the phenomenon of hair ""going white overnight"" (rapid shedding of pigmented hairs, sparing white/grey hairs)."
Dermatology,Part-6,Alopecia Areata,What is the treatment for alopecia areata?,Intralesional steroids for localized disease; systemic steroids for extensive disease.
Dermatology,Part-6,Alopecia Terminology,Define alopecia totalis and alopecia universalis.,Alopecia totalis = total or almost total loss of scalp hair. Alopecia universalis = loss of all body hair.
Dermatology,Part-6,Alopecia Terminology,Define Ophiasis and Sisaipho pattern of alopecia areata.,Ophiasis = alopecia along the scalp margin in a serpentine band-like pattern. Sisaipho pattern (reverse ophiasis) = hair loss that spares the sides and back of the head.
Dermatology,Part-7,Dermatophyte Classification,"Which body sites does Trichophyton affect, and what is its characteristic macroconidia shape and hair invasion pattern?","Affects skin, nail, and hair; macroconidia are pencil-shaped; causes endothrix infection (fungal elements within the hair shaft), appearing as a 'black dot' pattern."
Dermatology,Part-7,Dermatophyte Classification,"Which body sites does Microsporum affect, and what is its characteristic macroconidia shape, hair invasion pattern, and fluorescence?",Affects skin and hair (not nail); macroconidia are spindle-shaped; causes ectothrix infection ('grey patch' pattern) with blue-green fluorescence on Wood's lamp.
Dermatology,Part-7,Dermatophyte Classification,"Which body sites does Epidermophyton affect, and what is its characteristic macroconidia shape?",Affects skin and nail (not hair); macroconidia are club/Civatte-body shaped.
Dermatology,Part-7,Tinea Capitis - Kerion vs Favus,"What is a Kerion, and what are its clinical features?","An inflammatory, boggy, tender, pustular form of tinea capitis with enlarged regional lymph nodes; caused by zoophilic dermatophytes such as T. mentagrophytes or T. verrucosum."
Dermatology,Part-7,Tinea Capitis - Kerion vs Favus,"What is Favus, and what are its characteristic features?",A chronic form of tinea capitis with crusting and cup-shaped crusts called 'scutula'; caused by T. schoenleinii; shows dull-green fluorescence on Wood's lamp.
Dermatology,Part-7,Tinea Capitis - Kerion vs Favus,"What is the hair perforation test used for, and which organism is classically positive?",Used to help identify the causative dermatophyte species in vitro; T. mentagrophytes is classically positive.
Dermatology,Part-7,Tinea Corporis & Tinea Incognito,What are the classic clinical/lab features and treatment of Tinea Corporis?,Central clearing of the lesion with a positive KOH mount; drug of choice is an azole antifungal.
Dermatology,Part-7,Tinea Corporis & Tinea Incognito,"What is Tinea Incognito, and what causes its atypical presentation?","A tinea infection with an atypical clinical morphology caused by prior topical steroid use, which masks or modifies the classic ring-like appearance."
Dermatology,Part-7,Onychomycosis,What is the most common clinical pattern of onychomycosis?,Distal Lateral Subungual Onychomycosis (DLSO).
Dermatology,Part-7,Onychomycosis,"What is the drug of choice for onychomycosis, and what is the treatment duration for fingernails vs toenails?","Terbinafine; 6 weeks for fingernails, 12 weeks for toenails."
Dermatology,Part-7,Onychomycosis,Name the topical nail lacquer treatments and other topical agents used for onychomycosis.,"Nail lacquers: Amorolfine 5%, Ciclopirox olamine 8%. Other topical agents: Tavaborole, Efinaconazole."
Dermatology,Part-7,Scabies,"What organism causes scabies, and what are its key morphological features?","Sarcoptes scabiei mite, which has 2 pairs of anterior legs and 2 pairs of posterior legs."
Dermatology,Part-7,Scabies,What are the classic clinical features and typical distribution of scabies?,"Intense pruritus with burrows and papules; classically involves interdigital spaces, wrists, and the waist; the face is typically spared in adults."
Dermatology,Part-7,Scabies,"What is the first-line treatment for scabies, and what alternatives are safe in infants/pregnancy?",5% Permethrin is first-line; Sulphur and Permethrin are considered safe in infants and pregnant women.
Dermatology,Part-7,Scabies,Which anti-scabies treatments are best avoided/contraindicated in special populations such as infants or pregnancy?,"Benzyl benzoate, Lindane, and Ivermectin."
Dermatology,Part-7,Leishmaniasis,"What is the 'Oriental sore' of cutaneous leishmaniasis, and how is it transmitted?",A non-healing ulcer with raised edges; transmitted by the bite of the sandfly (Phlebotomus).
Dermatology,Part-7,Larva Migrans Syndromes,"What causes Cutaneous Larva Migrans (CLM), and what is its classic appearance?","Ancylostoma braziliense; produces a serpiginous, creeping eruption that migrates 1-2 cm per day."
Dermatology,Part-7,Larva Migrans Syndromes,What causes Visceral Larva Migrans (VLM)?,Toxocara canis.
Dermatology,Part-7,Larva Migrans Syndromes,"What causes 'Larva currens,' and how does its migration speed differ from CLM?","Strongyloides stercoralis; migrates much faster than CLM, at 5-15 cm per day."
Dermatology,Part-7,Filarial & Other Parasitic Skin Infections,"What condition does Onchocerca volvulus cause, how is it transmitted, and what are its features?","Causes 'river blindness'; transmitted by blackfly bite; features include nodules, pruritus, 'leopard skin' pigmentary changes, and vision loss."
Dermatology,Part-7,Filarial & Other Parasitic Skin Infections,"What condition does Loa loa cause, and how is it transmitted?","Causes Calabar swelling (a transient, localized angioedema); transmitted by deer fly bite."
Dermatology,Part-7,Filarial & Other Parasitic Skin Infections,"What causes Demodex-related skin disease, and what does it clinically resemble?",Overgrowth of the commensal Demodex mite; produces rosacea-like facial papules.
Dermatology,Part-7,Filarial & Other Parasitic Skin Infections,"What are the three forms of Pediculosis (lice infestation), and what unique finding is seen with pubic lice?","Pediculosis capitis (head lice), Pediculosis corporis (body lice), and Pediculosis pubis (pubic lice); P. pubis can cause 'macula cerulea' (bluish-grey macules at bite sites)."
Dermatology,Part-8,Leprosy Spectrum (Ridley-Jopling),"What is the Ridley-Jopling spectrum of leprosy, from most resistant to least resistant host immunity?","TT (Tuberculoid) -> BT -> BB (mid-borderline) -> BL -> LL (Lepromatous), representing decreasing cell-mediated immunity and increasing bacillary load."
Dermatology,Part-8,Leprosy Spectrum (Ridley-Jopling),How does the number of skin lesions change across the TT to LL spectrum?,"It increases progressively, from few lesions (often just one) in TT to more than 30 lesions in LL."
Dermatology,Part-8,Leprosy Spectrum (Ridley-Jopling),How do lesion margins change across the TT to LL spectrum?,"Well-defined, elevated margins in TT progress to ill-defined margins in LL."
Dermatology,Part-8,Leprosy Spectrum (Ridley-Jopling),How does nerve involvement change across the TT to LL spectrum?,"A single thickened nerve in TT progresses to multiple, bilaterally thickened nerves in LL."
Dermatology,Part-8,Leprosy Spectrum (Ridley-Jopling),How does the Slit Skin Smear (SSS) for AFB change across the TT to LL spectrum?,It is negative in TT and becomes positive (AFB+) toward LL.
Dermatology,Part-8,Leprosy Spectrum (Ridley-Jopling),How does sensory loss in lesions change across the TT to LL spectrum?,"Lesions are markedly anesthetic in TT, while sensation is more preserved toward LL."
Dermatology,Part-8,Leprosy Spectrum (Ridley-Jopling),How does the granuloma type change across the TT to LL spectrum?,"Tuberculoid granulomas are seen in TT, transitioning to foamy (Virchow) macrophages with a Grenz zone in LL."
Dermatology,Part-8,Leprosy Spectrum (Ridley-Jopling),"What is the 'Grenz zone,' and in which form of leprosy is it seen?",A zone of normal collagen separating the granulomatous infiltrate from the epidermis; seen in Lepromatous Leprosy (LL).
Dermatology,Part-8,Leprosy Spectrum (Ridley-Jopling),What nerve finding is classically palpable in leprosy?,Great auricular nerve thickening.
Dermatology,Part-8,Leprosy Spectrum (Ridley-Jopling),"Approximately how many skin lesions are typical for BT, BB, BL, and LL leprosy respectively?","BT: 1-3 lesions (often with satellite lesions); BB: 3-10 lesions (geographic, punched-out, 'inverted saucer' appearance); BL: 10-30 lesions; LL: more than 30 lesions."
Dermatology,Part-8,Leprosy - Diagnosis & Special Types,"What are the Fernandez and Mitsuda lepromin reactions, and what do they measure?",Fernandez reaction (read at 48 hours) is an early reaction; Mitsuda reaction (read at 21 days) is a late reaction reflecting long-term cell-mediated immunity (CMI).
Dermatology,Part-8,Leprosy - Diagnosis & Special Types,"What stain is used to detect Mycobacterium leprae, and why?","Fite-Faraco stain, a modified acid-fast stain, since M. leprae's lipid-rich cell wall stains poorly with the standard Ziehl-Neelsen technique."
Dermatology,Part-8,Leprosy - Diagnosis & Special Types,"What are Histoid, Lucio, and Lazarine leprosy?","Histoid leprosy presents with nodules; Lucio leprosy is a diffuse, non-nodular form seen in LL; Lazarine leprosy is seen in malnourished patients with nodulo-ulcerative lesions."
Dermatology,Part-8,Leprosy - Diagnosis & Special Types,"According to the Indian classification, which leprosy types have a good prognosis or a distinct presentation?",Indeterminate leprosy has a good prognosis; Pure neuritic leprosy is a distinct type with isolated nerve involvement without skin lesions.
Dermatology,Part-8,"Leprosy - Route, Nerves & Sensation",What is the route of infection for leprosy?,Inhalation (via the nasal/respiratory mucosa).
Dermatology,Part-8,"Leprosy - Route, Nerves & Sensation","Which cranial nerve is most commonly affected in leprosy, and which peripheral nerve is most commonly affected overall?",The 7th (facial) nerve is the most commonly affected cranial nerve; the ulnar nerve is the most commonly affected peripheral nerve overall.
Dermatology,Part-8,"Leprosy - Route, Nerves & Sensation",Which nerves are preferred for nerve biopsy in leprosy?,Radial cutaneous nerve or sural nerve.
Dermatology,Part-8,"Leprosy - Route, Nerves & Sensation",Which sensory modality is lost earliest in leprosy skin lesions?,Temperature (cold) sensation.
Dermatology,Part-8,Leprosy - Public Health & Prophylaxis,"What is the single-dose chemoprophylaxis regimen for contacts of leprosy patients, and who qualifies?","Single-dose Rifampicin (SDR), given to contacts aged over 2 years who have had at least 20 hours/week of contact for more than 3 months."
Dermatology,Part-8,Leprosy - Public Health & Prophylaxis,"What is the WHO/NLEP 'elimination' impact indicator for leprosy, and what other indicator is tracked?","Prevalence of less than 1 per 10,000 population defines elimination (achieved in India in 2005); newly diagnosed cases with Grade 2 disability is also tracked as an impact indicator."
Dermatology,Part-8,PB vs MB Leprosy & MDT,"How is Paucibacillary (PB) leprosy defined vs Multibacillary (MB) leprosy, by skin lesions, nerves, and SSS AFB status?","PB: 0-5 skin lesions, 0 nerves involved, SSS AFB negative. MB: more than 5 skin lesions, 1 or more nerves involved, SSS AFB positive."
Dermatology,Part-8,PB vs MB Leprosy & MDT,What is the MDT (multi-drug therapy) duration for PB vs MB leprosy?,PB: 6 months; MB: 12 months.
Dermatology,Part-8,PB vs MB Leprosy & MDT,What are the components and doses of the Uniform MDT regimen used in India's NLEP?,Rifampicin 600 mg once a month (supervised); Dapsone 100 mg once daily; Clofazimine 300 mg once a month (supervised) plus 50 mg once daily.
Dermatology,Part-8,Lepra Reactions,"Compare Type 1 and Type 2 (ENL) lepra reactions by hypersensitivity type, leprosy type affected, and timing relative to treatment.","Type 1 reaction: Type IV hypersensitivity, seen in BB/BT, occurs within about 12 months of starting treatment. Type 2 reaction (Erythema Nodosum Leprosum, ENL): Type III hypersensitivity, seen in LL, has no fixed relationship to treatment timing and can occur anytime."
Dermatology,Part-8,Lepra Reactions,How do the clinical features differ between Type 1 and Type 2 lepra reactions?,"Type 1: pre-existing lesions become red and inflamed (upgrading/downgrading reaction), without significant systemic involvement. Type 2 (ENL): new, tender, nodular skin lesions with systemic involvement such as fever, arthralgia, and orchitis."
Dermatology,Part-8,Lepra Reactions,"How are Type 1 and Type 2 lepra reactions treated, and should MDT be stopped during a reaction?","Type 1: first-line NSAIDs, escalating to steroids if needed. Type 2 (ENL): drug of choice is steroids. In both types, MDT should NOT be stopped during a reaction."
Dermatology,Part-9,STI Syndromic Approach - Discharge Syndromes,"In urethral/cervical discharge syndrome, which organisms are most commonly responsible, and what is the investigation of choice?",Chlamydia trachomatis is more common than Gonorrhea; NAAT (Nucleic Acid Amplification Test) is the investigation of choice.
Dermatology,Part-9,STI Syndromic Approach - Discharge Syndromes,"Under India's syndromic STI management kits, what regimen and kit color is used for urethral discharge, cervical discharge, and painful scrotal swelling, and how are partners managed?",Kit 1 (Grey): Tab. Azithromycin 1g single dose + Tab. Cefixime 400mg single dose. Partners: treat all recent partners for urethral discharge and scrotal swelling; treat partners only if symptomatic for cervical discharge.
Dermatology,Part-9,STI Syndromic Approach - Discharge Syndromes,"What syndromic kit and regimen is used for vaginal discharge syndrome, and how are partners managed?",Kit 2 (Green): Tab. Secnidazole 2g stat + Cap. Fluconazole 150mg stat single dose; partners treated only if symptomatic.
Dermatology,Part-9,STI Syndromic Approach - Discharge Syndromes,What syndromic kit/regimen is used for anorectal discharge syndrome?,The 'Brown kit': Cefixime 800 mg stat + Doxycycline 100 mg for 7 days.
Dermatology,Part-9,Syphilis Treatment,"What is the treatment for primary, secondary, or early latent syphilis?","Benzathine Penicillin 2.4 MU IM, single dose."
Dermatology,Part-9,Syphilis Treatment,What is the treatment for late latent or tertiary syphilis?,"Benzathine Penicillin 2.4 MU IM, given as 3 weekly doses."
Dermatology,Part-9,Syphilis Treatment,"What is the treatment for neurosyphilis, and what unique adverse reaction can it cause?","Aqueous (Procaine) Penicillin; can cause Hoigne syndrome (an acute psychosis-like reaction, distinct from true penicillin allergy)."
Dermatology,Part-9,Syphilis Treatment,"What is the Jarisch-Herxheimer reaction, and is it a reason to stop penicillin?","A reaction due to rapid killing of spirochetes after starting penicillin, causing fever and myalgia; it is NOT a contraindication to continuing penicillin, and is managed with NSAIDs."
Dermatology,Part-9,Syphilis Treatment,How is syphilis managed in a pregnant patient with a penicillin allergy?,"Desensitization to penicillin is performed, since penicillin remains necessary in pregnancy due to reliable transplacental passage."
Dermatology,Part-9,Genital Ulcer Kits (Syndromic Management),"What syndromic kit and regimen is used for non-herpetic genital ulcer disease, and what is the alternative if allergic to penicillin?","Kit 3 (White): Inj. Benzathine Penicillin 2.4 MU single dose + Tab. Azithromycin 1g single dose. If allergic to penicillin, use Kit 4 (Blue): Doxycycline 100mg BID for 15 days + Azithromycin 1g single dose. Partners are treated for the past 3 months."
Dermatology,Part-9,Genital Ulcer Kits (Syndromic Management),"What syndromic kit and regimen is used for herpetic genital ulcer disease, and is partner treatment required?",Kit 5 (Red): Tab. Acyclovir 400mg TDS for 7 days; no partner treatment is required.
Dermatology,Part-9,Genital Ulcer Kits (Syndromic Management),"What syndromic kit and regimen is used for lower abdominal pain (PID) syndrome, and how are male partners managed?",Kit 6 (Yellow): Tab. Cefixime 400mg single dose + Tab. Metronidazole 400mg BID for 14 days + Doxycycline 100mg BID for 14 days; male partners are treated with Kit 1.
Dermatology,Part-9,Genital Ulcer Kits (Syndromic Management),"What syndromic kit and regimen is used for inguinal bubo syndrome, and how are partners managed?",Kit 7 (Black): Doxycycline 100mg BID for 21 days + Azithromycin 1g single dose; all sexual partners from the past 3 weeks are treated.
Dermatology,Part-9,Approach to Genital Ulcers - Painful,"What are the key features of HSV genital ulcers (appearance, histology, incubation period)?",Multiple painful erosions/vesicles on an erythematous base; multinucleated giant cells and acantholysis on Tzanck smear; incubation period 2-5 days.
Dermatology,Part-9,Approach to Genital Ulcers - Painful,"What are the key features of Chancroid (organism, lymph nodes, gram stain, incubation period)?","Caused by Haemophilus ducreyi; painful, suppurative inguinal lymph nodes (bubo); Gram stain shows a 'school of fish' pattern; incubation period 2-5 days."
Dermatology,Part-9,Approach to Genital Ulcers - Painless,"What are the key features of the syphilitic chancre (organism, character, lymph nodes, incubation period)?","Caused by Treponema pallidum; a hard, indurated, painless ulcer; bilateral, painless ('shotty') lymphadenopathy; incubation period 9-90 days."
Dermatology,Part-9,Approach to Genital Ulcers - Painless,"What are the key features of Donovanosis/Granuloma Inguinale (organism, appearance, special findings, incubation period)?","Caused by Klebsiella granulomatis; a red, 'beefy' ulcer without true lymphadenopathy (may show a subcutaneous 'pseudo-bubo'); Donovan bodies (Miyagawa corpuscles) seen on smear; can progress to genital elephantiasis (esthiomene, saxophone deformity); incubation period 8-80 days."
Dermatology,Part-9,Approach to Genital Ulcers - Painless,"What are the key features of Lymphogranuloma Venereum/LGV (organism, serotype, special signs, incubation period)?",Caused by Chlamydia trachomatis (serovar L2 most common); produces only a transient ulcer with prominent bubo formation; classic 'groove sign' (grooving of inguinal/femoral nodes by the inguinal ligament); diagnosed historically via the Frei test; incubation period 3-30 days.
Dermatology,Part-9,Vaginal Discharge - Diagnostic Comparison,"What organism causes Bacterial Vaginosis, and what diagnostic criteria/scores are used?",Gardnerella vaginalis; diagnosed using Amsel's criteria (clinical) or Nugent's score (Gram stain-based).
Dermatology,Part-9,Vaginal Discharge - Diagnostic Comparison,What is the treatment for Bacterial Vaginosis?,Metronidazole or Clindamycin.
Dermatology,Part-9,Vaginal Discharge - Diagnostic Comparison,"What examination finding is classic for Trichomonas vaginitis, and what is its treatment?","'Strawberry cervix' appearance; treated with Metronidazole, with treatment of the sexual partner also required."
Dermatology,Part-9,Vaginal Discharge - Diagnostic Comparison,What is the treatment for Candida vaginitis?,Fluconazole.
Dermatology,Part-9,Vaginal Discharge - Diagnostic Comparison,What features characterize physiological (normal) vaginal discharge?,"No odour, no itching, and it typically occurs mid-cycle."
Dermatology,Part-9,Vaginal Discharge - Diagnostic Comparison,"What organism is associated with IUCD use, and what characteristic cytological/clinical findings does it produce?","Actinomyces; produces a 'cotton-ball/cotton-wool' appearance on cytology, and is linked to a history of IUCD use and pelvic inflammatory disease (PID)."
Dermatology,Part-10,Pemphigus vs Bullous Pemphigoid - Level of Split,"At what level does Pemphigus cause blistering, what is the bulla character, and what is the target antigen?",Intraepidermal split (within the epidermis); flaccid bullae; target antigen is Desmoglein (DSG).
Dermatology,Part-10,Pemphigus vs Bullous Pemphigoid - Level of Split,Differentiate the two main Desmoglein subtypes in Pemphigus by split location and clinical presentation.,"DSG-1: subcorneal split, causing Pemphigus foliaceus, which can resemble SSSS. DSG-3: suprabasal split with oral ulcers, causing Pemphigus vulgaris, which can resemble SJS-TEN."
Dermatology,Part-10,Pemphigus vs Bullous Pemphigoid - Level of Split,"At what level does Bullous Pemphigoid cause blistering, what is the bulla character, and which BP antigen is more important?",Subepidermal (dermo-epidermal junction) split; tense bullae; BP antigen 2 (BP180) is more important than BP antigen 1 (BP230).
Dermatology,Part-10,Pemphigus vs Bullous Pemphigoid - Level of Split,"What is Epidermolysis Bullosa, and what are its two acquired/inherited forms?","A mechano-bullous disorder; EB Congenita (inherited) and EB Acquisita (autoimmune, targeting Type VII collagen)."
Dermatology,Part-10,Bullous Disease Clinical Signs,"What is the Nikolsky sign (tangential pressure), and in which conditions is it positive?","Gentle tangential pressure on skin causes shearing/blistering of the epidermis; positive in Pemphigus, SJS-TEN, and SSSS."
Dermatology,Part-10,Bullous Disease Clinical Signs,"What is the Asboe-Hansen sign (bulla spread sign, lateral pressure), and in which condition is it positive?",Lateral pressure on an intact bulla causes it to spread into adjacent skin; positive in Pemphigus.
Dermatology,Part-10,Salt-Split Skin Immunofluorescence,"In salt-split skin indirect immunofluorescence, what does 'roof' staining indicate versus 'floor' staining?","Roof staining means the target antigen is on the epidermal side, as in Bullous Pemphigoid; Floor staining means the antigen is on the dermal side, as in Epidermolysis Bullosa Acquisita."
Dermatology,Part-10,Drug-Induced & Paraneoplastic Pemphigus,Which drugs can cause drug-induced Pemphigus?,"D-penicillamine, Captopril, and Rifampicin."
Dermatology,Part-10,Drug-Induced & Paraneoplastic Pemphigus,What malignancy is classically associated with paraneoplastic pemphigus?,Non-Hodgkin Lymphoma (NHL) (flag: source notation also mentions 'CML/CLL' alongside NHL — verify exact association against original notes).
Dermatology,Part-10,Pemphigus Vulgaris - Diagnosis & Treatment,What is the first-line bedside test and the investigation of choice (IOC) for Pemphigus Vulgaris?,Tzanck smear (taken from the floor of the blister) is first-line; Direct Immunofluorescence (DIF) showing IgG/C3 in an intercellular 'fish-net' pattern is the investigation of choice.
Dermatology,Part-10,Pemphigus Vulgaris - Diagnosis & Treatment,What is the treatment of choice for Pemphigus Vulgaris?,Steroids (often given as pulse therapy).
Dermatology,Part-10,Bullous Pemphigoid - Features & DIF,"What are the clinical features of Bullous Pemphigoid (base, itching, blood findings)?",Tense bullae on an erythematous base; marked itching; associated peripheral eosinophilia.
Dermatology,Part-10,Bullous Pemphigoid - Features & DIF,What does DIF show in Bullous Pemphigoid?,Linear IgG/C3 deposition at the dermo-epidermal junction (DEJ).
Dermatology,Part-10,Linear IgA Disease,"What is the classic clinical sign in Linear IgA Disease, and where are lesions typically distributed?",'String of pearls' sign; lesions are typically peri-orificial.
Dermatology,Part-10,Linear IgA Disease,"What does DIF show in Linear IgA Disease, and what is its treatment?",Linear IgA deposition at the DEJ; treated with Dapsone.
Dermatology,Part-10,Dermatitis Herpetiformis,What are the clinical features and key disease association of Dermatitis Herpetiformis?,"Intense itching, typically on extensor surfaces; strongly associated with Celiac disease."
Dermatology,Part-10,Dermatitis Herpetiformis,"What does DIF show in Dermatitis Herpetiformis, and what is its treatment?",Granular IgA deposition at the dermal papillary tips ('picket fence' pattern); treated with Dapsone.
Dermatology,Part-10,Pregnancy-Associated & Related Bullous Conditions,"What is Herpes Gestationis (Pemphigoid Gestationis), and how does it relate to Bullous Pemphigoid?",A pregnancy-associated autoimmune bullous disease that is considered a variant related to Bullous Pemphigoid.
Dermatology,Part-10,Pregnancy-Associated & Related Bullous Conditions,"What other bullous condition shares the BP antigen 2 (BP180) target, alongside certain forms of Linear IgA disease?",Cicatricial pemphigoid.
Dermatology,Part-11,Distinctive Drug-Induced Pigmentation Patterns,"What drug causes flagellate pigmentation, and what does it look like?","Bleomycin; produces whip-like (flagellate), linear streaks of hyperpigmentation."
Dermatology,Part-11,Distinctive Drug-Induced Pigmentation Patterns,What drug causes 'ceruloderma' (blue-grey skin discoloration)?,Amiodarone.
Dermatology,Part-11,Distinctive Drug-Induced Pigmentation Patterns,What drug causes livedo reticularis as a side effect?,Amantadine.
Dermatology,Part-11,Fixed Drug Eruption,"What type of hypersensitivity reaction is Fixed Drug Eruption (FDE), what are its most common causes, and what does it leave behind after healing?",Type IV hypersensitivity; most commonly caused by NSAIDs (and metronidazole); heals with residual hyperpigmentation at the same site upon re-exposure.
Dermatology,Part-11,SJS/TEN Spectrum,How are SJS and TEN differentiated by body surface area (BSA) involvement?,SJS involves less than 10% BSA; TEN involves more than 30% BSA (10-30% is SJS-TEN overlap).
Dermatology,Part-11,SJS/TEN Spectrum,What are the major causative drugs for SJS/TEN?,"Antiepileptic drugs (e.g., Carbamazepine, Lamotrigine), Allopurinol, NSAIDs, and Sulfa drugs."
Dermatology,Part-11,SJS/TEN Spectrum,"What is SCORTEN, and what is it used for?",'Score of Toxic Epidermal Necrolysis' -- a prognostic severity scoring system for TEN.
Dermatology,Part-11,Morbilliform Rash & DRESS,What is the classic drug-infection combination that causes a morbilliform (measles-like) rash?,Infectious mononucleosis (EBV) combined with penicillin (classically ampicillin/amoxicillin).
Dermatology,Part-11,Morbilliform Rash & DRESS,What does DRESS stand for?,Drug Reaction with Eosinophilia and Systemic Symptoms.
Dermatology,Part-11,Colorful Drug Reactions,"What causes Red Man Syndrome, and what is its mechanism?","Vancomycin, via histamine release (typically due to rapid infusion)."
Dermatology,Part-11,Colorful Drug Reactions,What causes Grey Baby Syndrome?,Chloramphenicol (due to immature neonatal hepatic glucuronidation).
Dermatology,Part-11,Colorful Drug Reactions,What drugs cause pseudo-jaundice (without true hyperbilirubinemia)?,Rifabutin and beta-carotene.
Dermatology,Part-11,Colorful Drug Reactions,What antiretroviral drug causes skin/nail hyperpigmentation?,Zidovudine.
Dermatology,Part-11,Colorful Drug Reactions,What antiretroviral drug causes palm/sole pigmentation?,Emtricitabine.
Dermatology,Part-11,Colorful Drug Reactions,What drugs cause hand-foot syndrome (palmar-plantar erythrodysesthesia)?,5-Fluorouracil (5-FU) and oral Capecitabine.
Dermatology,Part-11,Colorful Drug Reactions,What drug causes purple toe syndrome?,Warfarin.
Dermatology,Part-11,Colorful Drug Reactions,What drug causes pseudolymphoma and purple glove syndrome?,Phenytoin.
Dermatology,Part-11,Colorful Drug Reactions,What class of drug causes vesicular eruptions as a cutaneous adverse effect?,Barbiturates (CNS depressants).
Dermatology,Part-11,Colorful Drug Reactions,What drug causes ichthyosis-like skin changes and copper/orange-brown discoloration?,Clofazimine.
Dermatology,Part-11,Colorful Drug Reactions,What mediates the flushing reaction seen with Niacin?,Prostaglandin D2 (PGD2) release.
Dermatology,Part-12,Contact Dermatitis - Types & Testing,What are the two main types of contact dermatitis?,Irritant contact dermatitis and Allergic contact dermatitis.
Dermatology,Part-12,Contact Dermatitis - Types & Testing,"What is the patch test used for, and at what time points is it read?",Used to identify the allergen causing allergic contact dermatitis; read at 48 hours and 96 hours.
Dermatology,Part-12,Contact Dermatitis - Types & Testing,What type of hypersensitivity reaction underlies allergic contact dermatitis?,Type IV (delayed-type/cell-mediated) hypersensitivity.
Dermatology,Part-12,Airborne Contact Dermatitis,"What causes Airborne Contact Dermatitis (ABCD), and what is the responsible allergen?",Parthenium (Congress grass); the responsible allergen is sesquiterpene lactone.
Dermatology,Part-12,Common Contact Allergens,"What is the most common cause of allergic contact dermatitis, and where is it typically encountered?","Nickel, most commonly from artificial jewellery."
Dermatology,Part-12,Common Contact Allergens,What metal/compound found in cement causes allergic contact dermatitis?,Chromium (potassium dichromate).
Dermatology,Part-12,Common Contact Allergens,What chemical found in bindi adhesive causes contact dermatitis?,PTBP (para-tertiary-butylphenol).
Dermatology,Part-12,Common Contact Allergens,What chemical found in hair dyes causes contact dermatitis?,PPD (para-phenylenediamine).
Dermatology,Part-12,Common Contact Allergens,What topical medication ingredient commonly causes contact dermatitis?,Neomycin.
Dermatology,Part-12,Common Contact Allergens,What chemical found in rubber products causes contact leucoderma?,Monobenzyl ether of hydroquinone (MBEH).
Dermatology,Part-12,Atopic Dermatitis - Clinical Stages,"Describe the acute, subacute, and chronic clinical stages of atopic dermatitis.","Acute: erythema, intercellular edema (spongiosis), vesicles, and crusting. Subacute: erythema and scaling. Chronic: lichenification."
Dermatology,Part-12,Atopic Dermatitis - Diagnosis & Associated Signs,What criteria are used to diagnose atopic dermatitis?,"Hanifin and Rajka criteria (major features include a chronic course, personal/family history of atopy, pruritus, and typical distribution)."
Dermatology,Part-12,Atopic Dermatitis - Diagnosis & Associated Signs,What cytokines and hypersensitivity type drive atopic dermatitis?,Th2 response with IL-4 and IL-5; classified as Type I hypersensitivity.
Dermatology,Part-12,Atopic Dermatitis - Diagnosis & Associated Signs,List the characteristic periorbital/facial signs associated with atopic dermatitis.,"Dennie-Morgan fold (infraorbital fold), shield-like cataract, keratoconus, and the 'headlight sign' (perialar pallor with nasal sparing)."
Dermatology,Part-12,Atopic Dermatitis - Treatment,"What are the treatment options for atopic dermatitis, including two targeted agents?",Topical/systemic steroids and calcineurin inhibitors are mainstays; Crisaborole (a PDE4 inhibitor) and Dupilumab (an IL-4 receptor-blocking biologic) are targeted options.
Dermatology,Part-12,Urticaria & Variants,What is the pathophysiology and hypersensitivity classification of ordinary urticaria?,"Dermal edema causing pruritic, transient wheals with dermographism; classified as Type I hypersensitivity."
Dermatology,Part-12,Urticaria & Variants,What triggers cholinergic urticaria?,"Sweating (e.g., from heat, exercise, or emotional stress)."
Dermatology,Part-12,Cutaneous Mastocytosis,What clinical sign and molecular marker characterize cutaneous mastocytosis?,Darier's sign (localized urtication when a lesion is rubbed) and C-KIT (CD117) positivity/mutation.
Dermatology,Part-12,Hereditary Angioedema,How does Hereditary Angioedema (HAE) differ from typical histamine-mediated urticaria/angioedema?,HAE shows no wheals and is NOT histamine-mediated; it is inherited in an autosomal dominant pattern.
Dermatology,Part-12,Hereditary Angioedema,"What is the underlying biochemical defect in Hereditary Angioedema, and what are the characteristic lab findings?","C1 esterase inhibitor deficiency, leading to elevated bradykinin and low C4 levels."
Dermatology,Part-12,Hereditary Angioedema,What are the treatment options for Hereditary Angioedema?,"Plasma kallikrein inhibitors (Ecallantide, Lanadelumab, Berotralstat), the bradykinin B2 receptor antagonist Icatibant, and historically Danazol for prophylaxis."
Dermatology,Part-13,Acne Pathogenesis & Lesion Types,What is the basic pathogenesis of acne?,"Obstruction of the pilosebaceous unit, with or without secondary infection by Cutibacterium (Propionibacterium) acnes."
Dermatology,Part-13,Acne Pathogenesis & Lesion Types,Differentiate open and closed comedones.,Open comedones ('blackheads') are open to the skin surface with oxidized sebum causing the black color; closed comedones ('whiteheads') are covered by a thin layer of epidermis.
Dermatology,Part-13,Acne Pathogenesis & Lesion Types,List the acne lesion types in order of increasing severity.,"Comedones, then Papules, then Pustules, then Nodulocystic lesions."
Dermatology,Part-13,Acne Treatment Ladder,What is the stepwise treatment ladder for acne based on lesion type?,Comedones: topical retinoids (Adapalene/Tretinoin). Papules: add a topical antibiotic (Clindamycin). Pustules: add an oral antibiotic (Doxycycline) plus benzoyl peroxide. Nodulocystic acne: oral Isotretinoin.
Dermatology,Part-13,Acne Treatment Ladder,What are the key side effects/precautions of oral Isotretinoin?,"Teratogenic (pregnancy must be avoided for about 3 months after stopping); can cause cheilitis, raised triglycerides, and hepatotoxicity."
Dermatology,Part-13,Acne Treatment Ladder,"In cases of resistant acne, what underlying condition should be ruled out?",Hyperandrogenism.
Dermatology,Part-13,Drug-Induced Acne,What are the distinguishing features of drug-induced acne compared to typical acne?,Lesions are monomorphic and characteristically lack comedones.
Dermatology,Part-13,Drug-Induced Acne,Which drugs are classically implicated in drug-induced acne?,Steroids (which also cause dermal atrophy) and Lithium.
Dermatology,Part-13,Rosacea vs Acne vs SLE,How is rosacea distinguished from acne?,"Rosacea shows erythema and telangiectasia but characteristically has NO comedones, unlike acne."
Dermatology,Part-13,Rosacea vs Acne vs SLE,What triggers flushing in rosacea?,Response to triggers such as hot beverages and alcohol.
Dermatology,Part-13,Rosacea vs Acne vs SLE,How does the malar rash of SLE help distinguish it from rosacea on the face?,"SLE's malar rash characteristically spares the nasolabial folds, whereas rosacea typically involves them."
Dermatology,Part-14,Sun-Related vs Non-Sun-Related Hyperpigmentation,"How do freckles (ephelides) differ from lentigines regarding sun exposure, and what conditions is each associated with?",Freckles (ephelides) increase in number/darkness with sun exposure and are associated with Xeroderma Pigmentosum and NAME syndrome. Lentigines do NOT change with sun exposure and are associated with Peutz-Jeghers syndrome.
Dermatology,Part-14,Causes of Hyperpigmentation,What are the causes of Melasma (Chloasma)?,Pregnancy and thyroid disease.
Dermatology,Part-14,Causes of Hyperpigmentation,"What is the 'CHIK sign,' and what infection is it associated with?",A characteristic facial (perioral/nasal) pigmentation pattern seen in Chikungunya infection.
Dermatology,Part-14,Causes of Hyperpigmentation,What is Becker's nevus?,"A hyperpigmented patch, often with hypertrichosis, typically found on the shoulder/upper trunk."
Dermatology,Part-14,Epidermal vs Dermal Pigmentation,How do you differentiate epidermal from dermal pigmentation clinically?,"Epidermal pigmentation is brown and is enhanced by Wood's lamp examination; Dermal pigmentation is blue/slate-grey, shows the Tyndall effect, and is not enhanced by Wood's lamp."
Dermatology,Part-14,Epidermal vs Dermal Pigmentation,Name three examples of dermal pigmentary lesions.,"Mongolian spots, Nevus of Ota, and Nevus of Ito."
Dermatology,Part-14,Hypopigmentation - Albinism & Related,What is the enzyme defect and inheritance pattern of oculocutaneous albinism?,Tyrosinase deficiency; autosomal recessive (AR) inheritance.
Dermatology,Part-14,Hypopigmentation - Albinism & Related,What are the characteristic features of Nevus Depigmentosus?,Congenital and non-progressive; caused by a defect in melanin distribution (not melanocyte number); shows satellite lesions and feathery margins.
Dermatology,Part-14,Piebaldism & Waardenburg Syndrome,"What is the inheritance pattern and gene mutation of Piebaldism, and what is its characteristic pattern?","Autosomal dominant; C-KIT gene mutation; shows an 'island of sparing' pattern with a white forelock, due to absent melanocytes from a neural crest cell migration defect."
Dermatology,Part-14,Piebaldism & Waardenburg Syndrome,"What is the inheritance pattern, gene mutation, and hallmark clinical sign of Waardenburg syndrome?",Autosomal dominant; PAX3 gene mutation; hallmark finding is heterochromia iridis (also with white forelock).
Dermatology,Part-14,Nevus Anemicus,"What is Nevus Anemicus, and what is its underlying mechanism?","A functional (not truly pigmentary) vascular anomaly caused by alpha-1 receptor-mediated vasoconstriction, producing a pale patch."
Dermatology,Part-14,Vitiligo,What is the underlying pathophysiology of vitiligo?,Autoimmune destruction of melanocytes.
Dermatology,Part-14,Vitiligo,List the clinical subtypes of vitiligo.,"Focal, Segmental, Acro-facial, Vulgaris, and Universalis."
Dermatology,Part-14,Vitiligo,What is distinctive about segmental vitiligo's course?,"It follows a dermatomal distribution, tends to grow initially, and then becomes stable."
Dermatology,Part-14,Vitiligo,Which vitiligo subtypes carry a poorer prognosis?,Acro-facial and Universalis vitiligo.
Dermatology,Part-14,Vitiligo,What are the poor prognostic factors in vitiligo overall?,"Long-standing disease, involvement over bony prominences, leukotrichia, and lip-tip involvement."
Dermatology,Part-14,Vitiligo,What is the treatment for vitiligo?,Topical steroids for localized disease; systemic steroids or calcineurin inhibitors for more extensive disease.
Dermatology,Part-14,Incontinentia Pigmenti,What is the inheritance pattern and gene mutation in Incontinentia Pigmenti?,X-linked dominant (XLD); NEMO gene mutation.
Dermatology,Part-14,Incontinentia Pigmenti,"What mnemonic covers the classic X-linked dominant conditions, and what does it stand for?","'R A V I' -- Rett syndrome, Aicardi syndrome, Vitamin D-resistant (hypophosphatemic) rickets, and Incontinentia pigmenti."
Dermatology,Part-14,Incontinentia Pigmenti,What are the sequential skin stages of Incontinentia Pigmenti?,"Vesicular stage, then Verrucous stage, then Hyperpigmented (whorled/marble-cake) stage, then Hypopigmented/atrophic stage."
Dermatology,Part-14,Skin Lines,"What are Blaschko's lines, and what do they represent?","Lines that follow the pattern of embryological skin cell migration; used to explain the distribution of mosaic skin conditions (e.g., Incontinentia Pigmenti)."
Dermatology,Part-14,Skin Lines,"What are Langer's lines, and what is their clinical significance?",Lines corresponding to the natural orientation of dermal collagen fibers; traditionally used to guide surgical skin incisions.
Dermatology,Part-14,Skin Lines,"What are Kraissl's lines, and how do they differ from Langer's lines?","Relaxed skin tension lines used for planning surgical incisions to optimize cosmetic outcome, as an alternative to Langer's lines."
Dermatology,Part-15,Nevi Types & Histology,Describe the clinical appearance and histology of a Junctional Nevus.,"A flat, uniformly pigmented macule; histologically shows nests of melanocytes at the dermo-epidermal junction."
Dermatology,Part-15,Nevi Types & Histology,Describe the clinical appearance and histology of a Compound Nevus.,"A slightly elevated, uniformly pigmented papule; histologically shows nests of melanocytes at both the dermo-epidermal junction and within the dermis."
Dermatology,Part-15,Nevi Types & Histology,Describe the clinical appearance and histology of an Intradermal Nevus.,"A dome-shaped papule that is flesh-colored or lightly pigmented; histologically, melanocytes are located entirely within the dermis."
Dermatology,Part-15,Nevi Types & Histology,"What are the clinical features of a Congenital Melanocytic Nevus (CMN), and what is the malignancy risk threshold for giant variants?","Present at birth, may have hair, and large variants carry a malignancy risk; a giant CMN (greater than 20 cm) has an increased risk of malignant transformation."
Dermatology,Part-15,Nevi Types & Histology,Describe the clinical appearance and histology of a Halo Nevus.,A central pigmented nevus surrounded by a depigmented halo; histologically shows lymphocytic infiltration around the nevus cells.
Dermatology,Part-15,Nevi Types & Histology,Describe the clinical appearance and histology of a Dysplastic (Atypical) Nevus.,"Irregular border and color variation, may resemble melanoma clinically; histologically shows architectural disorder, cytologic atypia of melanocytes, and bridging of rete ridges."
Dermatology,Part-15,Pre-malignant & Benign Keratotic Lesions,"What are the clinical features of Actinic Keratosis, and is it premalignant?","Presents as a scaly lesion in photo-exposed areas; it IS premalignant, with potential to progress to squamous cell carcinoma."
Dermatology,Part-15,Pre-malignant & Benign Keratotic Lesions,"What is the classic appearance of Seborrheic Keratosis, and what paraneoplastic sign is associated with sudden multiple lesions?","A 'stuck-on' appearance; sudden eruption of multiple lesions is called the Sign of Leser-Trelat, a paraneoplastic marker associated with adenocarcinoma."
Dermatology,Part-15,Pre-malignant & Benign Keratotic Lesions,Is a Cutaneous Horn/Keratoacanthoma premalignant?,"No, it is NOT considered premalignant."
Dermatology,Part-15,Basal Cell Carcinoma,"What is the most common skin cancer, and what is its classic clinical appearance?","Basal Cell Carcinoma (BCC); presents as a 'rodent ulcer' with rolled-out, pearly margins."
Dermatology,Part-15,Basal Cell Carcinoma,What is the characteristic histology of BCC?,True palisading of basaloid cells at the periphery of tumor nests.
Dermatology,Part-15,Basal Cell Carcinoma,What are the treatment options for BCC?,Vismodegib (a Sonic Hedgehog/SHH pathway inhibitor) and Mohs micrographic surgery.
Dermatology,Part-15,Squamous Cell Carcinoma,What are the major risk factors for Squamous Cell Carcinoma (SCC)?,"Sun exposure, older age, immunosuppression, chronic wounds, burns, and arsenic exposure."
Dermatology,Part-15,Squamous Cell Carcinoma,What is the characteristic histological finding in SCC?,Keratin pearls.
Dermatology,Part-15,Melanoma,"What are the four major clinical types of melanoma, and which is most common worldwide vs in Asians?","Superficial spreading (most common worldwide), Lentigo maligna (radial growth phase), Nodular (vertical growth phase), and Acral lentiginous (most common in Asians)."
Dermatology,Part-15,Melanoma,What is the single most important prognostic factor in melanoma?,Breslow depth (tumor thickness).
Dermatology,Part-15,Melanoma,"What is the most common anatomical site for melanoma in India, and what mutations are relevant?",Extremities are the most common site in India; BRAF (V600E) and CDKN2A mutations are relevant.
Dermatology,Part-15,Melanoma,What targeted drug is used to treat BRAF-mutated melanoma?,Vemurafenib.
Dermatology,Part-16,Benign Vascular Tumors,"What is the natural course of Infantile Hemangioma, and what are its classic descriptive names?",Typically undergoes spontaneous regression; also known as 'strawberry' hemangioma or 'stork bite' depending on location/type.
Dermatology,Part-16,Benign Vascular Tumors,"What is a Cherry Angioma, and does it regress spontaneously?",A capillary hemangioma occurring in adults; does NOT involute spontaneously.
Dermatology,Part-16,Benign Vascular Tumors,"What are the clinical features of a Glomus Tumor, and what is its physiological role?","Presents as a painful, red lesion; glomus bodies normally play a role in thermoregulation."
Dermatology,Part-16,Benign Vascular Tumors,"What is 'pyoderma gravidarum,' and when does it occur?",A pyogenic granuloma-type vascular lesion occurring during pregnancy.
Dermatology,Part-16,Bacillary Angiomatosis,"What causes Bacillary Angiomatosis, in which patient population is it seen, and what stain confirms it?",Caused by Bartonella henselae; seen in HIV-positive patients; confirmed with Warthin-Starry stain; presents as violaceous vascular lesions.
Dermatology,Part-16,Stewart-Treves Syndrome,What is Stewart-Treves syndrome?,Development of lymphangiosarcoma arising in an area of chronic lymphedema present for many years.
Dermatology,Part-16,Kaposi Sarcoma & HHV-8,"What causes Kaposi Sarcoma, in which patient population is it seen, and what is its treatment?",Caused by HHV-8; seen in HIV-positive patients; treated with alpha-interferon.
Dermatology,Part-16,Kaposi Sarcoma & HHV-8,What other conditions besides Kaposi Sarcoma are caused by HHV-8?,Castleman's disease and Primary effusion lymphoma.
Dermatology,Part-17,Dermatomyositis,"What is the heliotrope rash, and what condition is it associated with?",A violaceous (purple) erythema of the eyelids/periorbital region; a classic sign of Dermatomyositis.
Dermatology,Part-17,Dermatomyositis,What are Gottron's papules?,"Scaly, violaceous papules over the extensor surfaces of the knuckles/interphalangeal joints; a pathognomonic sign of Dermatomyositis."
Dermatology,Part-17,Dermatomyositis,What is the 'Shawl sign' in Dermatomyositis?,"Erythema in a shawl-like distribution over the upper back, shoulders, and V of the neck, in sun-exposed areas."
Dermatology,Part-17,Dermatomyositis,What other nail-fold finding is seen in Dermatomyositis?,Periungual telangiectasias.
Dermatology,Part-17,Cutaneous Tuberculosis,"What is a tuberculide, and what is an example?",A hypersensitivity reaction to TB antigens rather than direct skin infection; example: Lichen Scrofulosorum (a Type IV hypersensitivity reaction).
Dermatology,Part-17,Cutaneous Tuberculosis,"What is Scrofuloderma, and in which age group is it most common?",A form of cutaneous TB arising from direct extension from underlying tuberculous lymphadenitis/bone; most common cutaneous TB in children.
Dermatology,Part-17,Cutaneous Tuberculosis,"What is Lupus Vulgaris, and what are its key features?",The most common cutaneous TB in adults; shows apple jelly nodules on diascopy; typically paucibacillary with AFB-negative smears; skin biopsy shows granuloma.
Dermatology,Part-17,Central Skin Lesion Patterns,"What conditions are classically associated with central scarring, central clearing, and central crusting patterns of skin lesions?",Central scarring: cutaneous TB (Lupus vulgaris). Central clearing: Tinea. Central crusting ('volcano sign'): Post Kala-azar Dermal Leishmaniasis (PKDL).
Dermatology,Part-17,Neurocutaneous Syndromes - Genetics,"What is the inheritance pattern, chromosome, and gene for NF1?",Autosomal dominant; chromosome 17; Neurofibromin gene.
Dermatology,Part-17,Neurocutaneous Syndromes - Genetics,"What is the inheritance pattern, chromosome, and gene for NF2, and what is its key clinical finding?","Autosomal dominant; chromosome 22; Merlin gene; classic finding is bilateral vestibular schwannoma (also ependymoma and meningioma, as part of MISME syndrome)."
Dermatology,Part-17,Neurocutaneous Syndromes - Genetics,"What is the inheritance pattern, chromosomes/genes, and treatment for Tuberous Sclerosis Complex (TSC)?",Autosomal dominant; chromosome 9 (Hamartin) and chromosome 16 (Tuberin); treated with mTOR inhibitors such as Everolimus.
Dermatology,Part-17,Neurocutaneous Syndromes - Genetics,"What is the inheritance pattern, chromosome, and key associated tumors of Von Hippel-Lindau (VHL) syndrome?","Autosomal dominant; chromosome 3; associated with clear cell renal cell carcinoma, pheochromocytoma, and hemangioblastoma."
Dermatology,Part-17,Neurocutaneous Syndromes - Genetics,"What is the inheritance pattern, chromosome/gene, and key features of Sturge-Weber Syndrome (SWS)?","Sporadic; chromosome 9, GNAQ gene; features include 'tram-track' intracranial calcifications, port-wine stain (V1 distribution most common), and congenital glaucoma."
Dermatology,Part-17,Neurocutaneous Syndromes - Genetics,"What is the inheritance pattern, chromosome, and key features of Ataxia-Telangiectasia (ATM)?",Autosomal recessive; chromosome 11; features include ataxia and telangiectasia.
Dermatology,Part-17,NF1 Diagnostic Criteria,List the diagnostic criteria for NF1.,"Six or more cafe-au-lait macules (over 5mm in prepubertal children, over 15mm in postpubertal individuals); axillary or inguinal freckling (Crowe sign); two or more neurofibromas of any type or one plexiform neurofibroma; optic pathway glioma; two or more Lisch nodules (iris hamartomas); sphenoid dysplasia or tibial pseudoarthrosis/cortical bone lesion; a first-degree relative with NF1."
Dermatology,Part-17,NF1 Diagnostic Criteria,What descriptive terms are used for the cafe-au-lait macule borders and associated bony signs in NF1?,The macule borders are described as 'Coast of California' (smooth borders); associated bony signs include the button-hole sign and bare orbit sign.
Dermatology,Part-17,TSC Diagnostic Criteria,List the major diagnostic features of Tuberous Sclerosis Complex (TSC).,"Facial angiofibromas, hypomelanotic (ash leaf) macules, shagreen patches, cortical tubers, subependymal nodules, subependymal giant cell tumors, retinal hamartomas, cardiac rhabdomyomas, renal angiomyolipomas, and pulmonary lymphangioleiomyomatosis (LAM)."
Dermatology,Part-17,TSC Diagnostic Criteria,List the minor diagnostic features of Tuberous Sclerosis Complex (TSC).,"'Confetti' skin lesions, gingival fibromas, dental enamel pits, cerebral white matter radial migration lines, retinal achromatic patches, bone cysts, and hamartomatous rectal polyps."
Dermatology,Part-18,Nail Sign Recognition,What causes Beau's lines?,"Transverse grooves in the nail indicating a temporary arrest of nail growth, due to any significant systemic illness or stress."
Dermatology,Part-18,Nail Sign Recognition,What causes Mees' lines?,Arsenic poisoning.
Dermatology,Part-18,Nail Sign Recognition,What causes Muehrcke's bands?,Malnutrition/hypoalbuminemia.
Dermatology,Part-18,Nail Sign Recognition,"What is another name for Lindsay nails, and what condition are they associated with?",Also called 'half-and-half' or '50-50' nails; associated with renal failure.
Dermatology,Part-18,Nail Sign Recognition,What condition is associated with Terry's nails?,Liver failure (cirrhosis).
Dermatology,Part-18,Salt-Pepper Pigmentation & Seborrheic Dermatitis,"What is 'salt-and-pepper pigmentation,' and in what condition is it seen?",Mixed hyper- and hypopigmented mottling of the skin; seen in Scleroderma.
Dermatology,Part-18,Salt-Pepper Pigmentation & Seborrheic Dermatitis,What are the classic sites of Seborrheic Dermatitis?,Scalp and nasolabial folds.
Dermatology,Part-18,Salt-Pepper Pigmentation & Seborrheic Dermatitis,Name four discoid/patterned skin conditions grouped together for comparison in the notes.,"Discoid/Nummular Eczema, Discoid Lupus Erythematosus (DLE), Salt-Pepper Pigmentation (Scleroderma), and Seborrheic Dermatitis."
Dermatology,Part-18,Ichthyosis Subtypes,What are the key features of Lamellar Ichthyosis?,Presents with a membrane and scales covering the trunk at birth (collodion baby); caused by epidermal transglutaminase-1 deficiency; associated with ectropion.
Dermatology,Part-18,Ichthyosis Subtypes,What are Collodion baby and Harlequin baby?,"Severe congenital presentations of ichthyosis at birth: Collodion baby (a shiny, taut membrane covering the skin) and Harlequin baby (the most severe form, with thick, plate-like scales)."
Dermatology,Part-18,Ichthyosis Subtypes,"What is the enzyme defect in X-linked recessive (XLR) Ichthyosis, and where do scales typically occur?",Steroid sulfatase deficiency; scales typically occur on the trunk.
Dermatology,Part-18,Pityriasis Alba & Indeterminate Leprosy,"What are the features of Pityriasis Alba, and how does facial Indeterminate Leprosy differ from it?","Pityriasis Alba is scaly, itchy, and associated with atopy. Indeterminate Leprosy causing facial hypopigmentation additionally shows sensory loss, which Pityriasis Alba does not."
Dermatology,Part-18,Lichen Sclerosus & Dermatitis Artefacta,What symptom is characteristically associated with genital Lichen Sclerosus?,Dyspareunia.
Dermatology,Part-18,Lichen Sclerosus & Dermatitis Artefacta,What are the typical features of Dermatitis Artefacta?,"Self-inflicted skin lesions, typically found on accessible areas reachable by the patient's non-dominant hand."
Dermatology,Part-18,Morphea (Localized Scleroderma),"What is Morphea, and what dermoscopic sign is associated with it?",Localized scleroderma; associated with the 'Box sign' on dermoscopy.
Dermatology,Part-18,Netherton Syndrome,"What is the classic triad of Netherton Syndrome, and what gene is mutated?","Bamboo hair (trichorrhexis invaginata), Atopic dermatitis, and Ichthyosis (ichthyosis linearis circumflexa); caused by mutation in the SPINK5 gene."
Dermatology,Part-18,Trichothiodystrophy,"What hair finding is characteristic of Trichothiodystrophy, and what does the PIBIDS acronym stand for?","'Tiger tail' hair pattern on polarized microscopy; PIBIDS stands for Photosensitivity, Ichthyosis, Brittle hair, Intellectual impairment, Decreased fertility, and Short stature."
Dermatology,Part-18,HPV Types & Associated Lesions,Which HPV types cause plantar warts?,HPV types 1 and 2.
Dermatology,Part-18,HPV Types & Associated Lesions,Which HPV types cause Verruca vulgaris (common warts)?,"HPV types 2, 4, and 27."
Dermatology,Part-18,HPV Types & Associated Lesions,Which HPV types cause Verruca plana (flat warts)?,HPV types 3 and 10.
Dermatology,Part-18,HPV Types & Associated Lesions,Which HPV types cause Focal epithelial hyperplasia (Heck's disease)?,HPV types 13 and 32.
Dermatology,Part-18,HPV Types & Associated Lesions,Which HPV types cause Condyloma acuminata (genital warts)?,HPV types 6 and 11.
Dermatology,Part-18,HPV Types & Associated Lesions,Which HPV types are considered high-risk (oncogenic)?,"HPV types 16, 18, 31, 33, 45, 52, and 58."
Dermatology,Part-18,HPV Types & Associated Lesions,"What are the treatment options for HPV-related warts, and which are considered safe in pregnancy?","Podophyllin, Imiquimod (a TLR-7 agonist), trichloroacetic acid, and cryotherapy; trichloroacetic acid and cryotherapy are considered safe in pregnancy, while podophyllin and imiquimod are generally avoided."
Dermatology,Part-18,Contact Allergen Preservative Note,What preservative is noted as a contact allergen alongside HPV wart treatments in the source material?,"Methylisothiazolinone, a common preservative found in cosmetic/personal care products."
Dermatology,Part-7,Dermatophyte Classification,"How does microconidia abundance differ across Trichophyton, Microsporum, and Epidermophyton?",Trichophyton: abundant microconidia (++); Microsporum: few microconidia (+/-); Epidermophyton: no microconidia (-).
Dermatology,Part-10,Pemphigus vs Bullous Pemphigoid - Level of Split,"What are the three major categories of Epidermolysis Bullosa (EB), and what molecular target/level does each involve?","EB Simplex — targets Keratin 5/14, at the epidermis level. Junctional EB — targets Integrin and Laminin 332 (also linked to BP180), at the basement membrane zone. Dystrophic EB — targets Type VII collagen, at the dermis level."
Dermatology,Part-18,Ichthyosis Subtypes,"What is the characteristic scale pattern of Ichthyosis Vulgaris, and how common is it relative to other ichthyoses?","A fine, 'fish-net' (reticulate) scale pattern; it is the most common type of ichthyosis overall."
