subject,deck,topic,front,back
Ophthalmology,Part-1,Anatomy & Embryology,Which ocular structures derive from surface ectoderm?,"Lens; epithelium of cornea and conjunctiva; lacrimal gland."
Ophthalmology,Part-1,Anatomy & Embryology,Which ocular structures derive from neuro-ectoderm?,"Optic nerve; retina; iris and ciliary body epithelium; sphincter and dilator pupillae muscles."
Ophthalmology,Part-1,Anatomy & Embryology,Which ocular structures derive from neural crest cells?,"Corneal stroma and endothelium; sclera (except the superotemporal part); trabecular meshwork; iris and choroid stroma; melanocytes; ciliaris muscle."
Ophthalmology,Part-1,Anatomy & Embryology,Which ocular structure derives from all three germ layers?,Vitreous.
Ophthalmology,Part-1,Anatomy & Embryology,"From outside to inside, what are the layers overlying the sclera?","Conjunctiva → Tenon's capsule → Episclera → Lamina fusca → Sclera proper."
Ophthalmology,Part-1,Anatomy & Embryology,What local anesthetic agents are used for ocular blocks vs topical anesthesia?,"Lignocaine is used for injectable blocks; Proparacaine is used topically (onset within minutes, lasts 15-20 min)."
Ophthalmology,Part-1,Anatomy & Embryology,What is the name of the subtenon block?,"Nozik's block, given into the subtenon (episcleral) space."
Ophthalmology,Part-1,Anatomy & Embryology,Which anatomical space corresponds to a subconjunctival injection?,The subconjunctival space (beneath the conjunctiva).
Ophthalmology,Part-1,Anatomy & Embryology,"What space do retrobulbar and peribulbar blocks target respectively?","Retrobulbar block = intraconal space (within the extraocular muscle cone); Peribulbar block = extraconal space (outside the muscle cone)."
Ophthalmology,Part-1,Anatomy & Embryology,What is the normal axial length of the adult eye?,25 mm.
Ophthalmology,Part-1,Anatomy & Embryology,What is the normal anterior chamber (AC) depth?,2.5 mm.
Ophthalmology,Part-1,Anatomy & Embryology,What difference in refractive power between the two eyes defines anisometropia?,">2.5 D difference between the two eyes."
Ophthalmology,Part-1,Anatomy & Embryology,What is the refractive status of a newborn's eye?,"+2.5 D hypermetropic (physiological hypermetropia at birth, which reduces till infancy)."
Ophthalmology,Part-1,Anatomy & Embryology,"What is the total refractive power of the eye, and how much does the cornea contribute?","Total refractive power = 60 D; the cornea contributes the most, about 45 D."
Ophthalmology,Part-1,Anatomy & Embryology,How many Purkinje images are produced by the eye's optical surfaces?,"4 images, formed by the anterior and posterior surfaces of the cornea and lens."
Ophthalmology,Part-2,Cornea - Structure & Dystrophies,What type of epithelium lines the cornea?,Non-keratinized stratified squamous epithelium.
Ophthalmology,Part-2,Cornea - Structure & Dystrophies,"Does Bowman's membrane regenerate after injury, and what results instead?","No, Bowman's membrane is acellular and does NOT regenerate; injury leads to permanent scar formation."
Ophthalmology,Part-2,Cornea - Structure & Dystrophies,"What collagen type and GAG compose the corneal stroma, and why is fiber arrangement important?","Type I collagen with keratan sulfate GAG; the parallel arrangement of collagen fibers is responsible for corneal transparency."
Ophthalmology,Part-2,Cornea - Structure & Dystrophies,Which corneal layer is considered the strongest?,Dua's layer (a deep stromal layer just above Descemet's membrane).
Ophthalmology,Part-2,Cornea - Structure & Dystrophies,Does Descemet's membrane regenerate after injury?,"Yes, unlike Bowman's membrane, Descemet's membrane has regenerative capacity."
Ophthalmology,Part-2,Cornea - Structure & Dystrophies,"Which corneal layer is most metabolically active, and what pump maintains corneal transparency?","The endothelium; it uses the Na+/K+-ATPase pump to keep the cornea in a dehydrated, transparent state. Copper deposits in Descemet's membrane in Wilson's disease (KF ring)."
Ophthalmology,Part-2,Cornea - Structure & Dystrophies,"What is the normal endothelial cell count on specular microscopy, and what count causes bullous keratopathy?","Normal = 2500-3000 cells/mm³; bullous keratopathy occurs when count falls below 500 cells/mm³, due to fluid accumulation causing corneal opacification."
Ophthalmology,Part-2,Cornea - Structure & Dystrophies,Why does corneal transplantation not require HLA matching?,Because the cornea is avascular and thus enjoys immune privilege.
Ophthalmology,Part-2,Cornea - Structure & Dystrophies,What are the afferent and efferent limbs of the corneal blink reflex?,"Afferent = CN V1 (ophthalmic division of trigeminal nerve); Efferent = CN VII (facial nerve), response is bilateral."
Ophthalmology,Part-2,Cornea - Structure & Dystrophies,What conditions/agents can cause reduced corneal sensation (corneal anesthesia)?,"HSV-1 keratitis, leprosy, diabetes mellitus, and topical beta-blockers."
Ophthalmology,Part-2,Cornea - Structure & Dystrophies,"What is interstitial keratitis, and what conditions cause it?","Non-ulcerative stromal corneal inflammation without epithelial/endothelial breakdown; caused by Cogan's syndrome (IK + sensorineural hearing loss), leprosy, tuberculosis, sarcoidosis, and congenital syphilis."
Ophthalmology,Part-2,Cornea - Structure & Dystrophies,What is Hutchinson's triad of congenital syphilis?,"Interstitial keratitis, sensorineural hearing loss (SNHL), and peg-shaped (Hutchinson's) incisors."
Ophthalmology,Part-2,Cornea - Structure & Dystrophies,"Differentiate corneal nebula, macula, and leucoma based on pupillary margin/iris visibility and impact on vision.","Nebula (faint opacity): pupillary margin visible, iris visible, causes maximum visual discomfort/glare. Macula: pupillary margin visible, iris NOT visible. Leucoma (dense opacity): pupillary margin NOT visible, iris NOT visible; causes maximum visual impairment (most severe)."
Ophthalmology,Part-2,Cornea - Structure & Dystrophies,What four features characterize corneal dystrophies as a group?,"Non-inflammatory, progressive, bilateral, and inherited (mostly autosomal dominant)."
Ophthalmology,Part-2,Cornea - Structure & Dystrophies,Which corneal dystrophies are exceptions to the usual autosomal dominant inheritance pattern?,"X-linked recessive (XLR): Lisch epithelial dystrophy. Autosomal recessive (AR): congenital and posterior endothelial dystrophy / macular stromal dystrophy (mucopolysaccharide-mucin accumulation)."
Ophthalmology,Part-2,Cornea - Structure & Dystrophies,"What is the most common epithelial corneal dystrophy, and what is its characteristic appearance?","Cogan's epithelial dystrophy (also called fingerprint dystrophy), showing fingerprint-like epithelial defects."
Ophthalmology,Part-2,Cornea - Structure & Dystrophies,What deposits and pattern characterize lattice corneal dystrophy?,"Amyloid deposition in the stroma, producing a lattice/branching pattern."
Ophthalmology,Part-2,Cornea - Structure & Dystrophies,What deposits and appearance characterize granular corneal dystrophy?,"Hyaline deposition in the stroma, producing a breadcrumb/granular appearance."
Ophthalmology,Part-2,Cornea - Structure & Dystrophies,"What is band-shaped keratopathy, where does it deposit, what causes it, and how is it treated?","Calcium deposition in Bowman's layer; caused by hypercalcemia and chronic posterior uveitis (e.g. JIA-associated uveitis); treated with EDTA chelation."
Ophthalmology,Part-3,Cornea - Investigations & Infections,What does a pachymeter measure and what is the normal value?,"Corneal thickness; normal range is 520-540 micrometers."
Ophthalmology,Part-3,Cornea - Investigations & Infections,Why is corneal thickness (CT) important before LASIK and before IOP measurement?,"A thin cornea (CT <450µm) is a contraindication for LASIK; a thin cornea also underestimates the true IOP on applanation tonometry."
Ophthalmology,Part-3,Cornea - Investigations & Infections,What does a keratometer measure?,Corneal curvature.
Ophthalmology,Part-3,Cornea - Investigations & Infections,What does the Placido disc assess?,"The corneal surface, using reflected concentric rings (keratoscopy) - can detect irregularities like inferior steepening in keratoconus."
Ophthalmology,Part-3,Cornea - Investigations & Infections,What does the Oculus Pentacam assess and how does it work?,"Corneal surface/topography, using Scheimpflug imaging."
Ophthalmology,Part-3,Cornea - Investigations & Infections,"What does fluorescein stain (with cobalt blue filter) show, and in which other tests is fluorescein used?","Stains the base of a corneal ulcer; also used in Goldmann applanation tonometry and in the Seidel test (for detecting aqueous humor leak)."
Ophthalmology,Part-3,Cornea - Investigations & Infections,What does Lissamine green stain demonstrate on the cornea?,Stains the margins of a corneal ulcer (devitalized/damaged cells).
Ophthalmology,Part-3,Cornea - Investigations & Infections,"What does Rose Bengal stain show, and why is it applied last among corneal stains?","Stains devitalized/dead cells and mucus; applied last because of its irritant nature."
Ophthalmology,Part-3,Cornea - Investigations & Infections,How do you differentiate bacterial vs fungal hypopyon?,"Bacterial hypopyon is sterile and mobile; fungal hypopyon is asterile (non-sterile) and immobile."
Ophthalmology,Part-3,Cornea - Investigations & Infections,Which organism classically causes 'ulcus serpens'?,Pneumococcus (Streptococcus pneumoniae).
Ophthalmology,Part-3,Cornea - Investigations & Infections,"Which organism is classically associated with corneal ulcers in contact lens users, and what is the major complication risk?","Pseudomonas; carries a high risk of corneal perforation, sometimes within 48 hours."
Ophthalmology,Part-3,Cornea - Investigations & Infections,Which bacteria are capable of invading an intact (non-abraded) cornea?,"Neisseria, Corynebacterium, Listeria, and Haemophilus."
Ophthalmology,Part-3,Cornea - Investigations & Infections,"What are the classic clinical features of fungal keratitis, and what is the treatment?","Wesley's (immune) ring, satellite lesions, and history of trauma with vegetative matter; physical signs typically exceed the degree of pain; treated with Natamycin; atropine can also be used."
Ophthalmology,Part-3,Cornea - Investigations & Infections,"What are the classic clinical features, stain, and drug of choice for Acanthamoeba keratitis?","Ring abscess, pseudodendrites, history of contact lens misuse, severe pain out of proportion to signs, marked perineuritis; stains with calcofluor white; DOC is PHMB (polyhexamethylene biguanide)."
Ophthalmology,Part-3,Cornea - Investigations & Infections,Which conditions are classically associated with satellite lesions on the cornea?,"Fungal corneal ulcers, Acanthamoeba keratitis, H. influenzae infection, borderline tuberculoid (BT) leprosy, and breast cancer with T4b involvement."
Ophthalmology,Part-3,Cornea - Investigations & Infections,What is the treatment for Superficial Punctate Keratitis (SPK)?,Topical steroids.
Ophthalmology,Part-3,Cornea - Investigations & Infections,"What organism causes dendritic keratitis, and what is the treatment approach (including steroid caution)?","HSV-1 causes dendritic keratitis; treated with topical Acyclovir. Steroids are contraindicated as they can worsen the ulcer/precipitate metaherpetic keratitis; topical antivirals are generally limited to under 2 weeks of continuous use."
Ophthalmology,Part-3,Cornea - Investigations & Infections,What is the treatment for stromal (disciform) keratitis?,Combination of steroids plus acyclovir.
Ophthalmology,Part-3,Cornea - Investigations & Infections,"What is Herpes Zoster Ophthalmicus, and what is Hutchinson's rule used for?","Reactivation of latent VZV causing a pseudo-dendritic corneal ulcer; Hutchinson's rule states that skin lesions along the distribution of the nasociliary nerve (tip of nose) predict a high likelihood of ocular involvement."
Ophthalmology,Part-3,Cornea - Investigations & Infections,"What test detects aqueous humor leak from a corneal ulcer/perforation, and what agent is used?","Seidel's test, using dilute fluorescein dye — a streaming dilution pattern indicates an aqueous leak."
Ophthalmology,Part-4,Keratoconus & Corneal-Scleral Pathology,What are the classic clinical signs of keratoconus?,"Irregular myopic astigmatism; Munson's sign (V-shaped lower lid indentation on downgaze); Vogt's striae (vertical stress lines, pathognomonic, disappear on pressure); Fleischer ring (iron deposition in epithelium); Rizutti sign (arrowhead light reflex); oil droplet sign on ophthalmoscopy; scissoring reflex on retinoscopy."
Ophthalmology,Part-4,Keratoconus & Corneal-Scleral Pathology,What is a pseudo-Fleischer ring and when is it seen?,It is seen in hypermetropia (mimics the true Fleischer ring of keratoconus but is not due to keratoconus).
Ophthalmology,Part-4,Keratoconus & Corneal-Scleral Pathology,"What is the Kayser-Fleischer (KF) ring, what causes it, and what systemic involvement does it predict?","Copper deposition in Descemet's membrane, seen in Wilson's disease; associated with hepatic involvement in ~50% and neurological involvement in ~90% of cases."
Ophthalmology,Part-4,Keratoconus & Corneal-Scleral Pathology,What are the two main treatment options for progressive keratoconus?,"INTACS (intrastromal corneal ring segments) and C3R (collagen cross-linking of the cornea using riboflavin)."
Ophthalmology,Part-4,Keratoconus & Corneal-Scleral Pathology,What is the sequence of events in acute corneal hydrops in keratoconus?,Keratoconus → Descemet's membrane tear → corneal hydrops (sudden stromal edema).
Ophthalmology,Part-4,Keratoconus & Corneal-Scleral Pathology,How do you differentiate scleritis from episcleritis based on pain and phenylephrine test?,"Scleritis: severe pain (++), does NOT blanch with 2.5% phenylephrine, associated with rheumatoid arthritis (RA). Episcleritis: minimal/lesser pain, DOES blanch with 2.5% phenylephrine, no systemic association."
Ophthalmology,Part-4,Keratoconus & Corneal-Scleral Pathology,What is Mooren's ulcer?,A serpiginous corneal ulcer of autoimmune origin.
Ophthalmology,Part-4,Keratoconus & Corneal-Scleral Pathology,"How do you distinguish scleromalacia perforans from a staphyloma in a thinned, bluish sclera?","Scleromalacia perforans is associated with rheumatoid arthritis (a form of scleritis); if there is no history of RA, consider staphyloma instead."
Ophthalmology,Part-4,Keratoplasty,"What are the three main types of keratoplasty, and how much of the cornea does each replace?","PK (Penetrating Keratoplasty) - all corneal layers replaced. DALK (Deep Anterior Lamellar Keratoplasty) - replaced till mid-stroma (endothelium spared). DSEK (Descemet Stripping Endothelial Keratoplasty) - only endothelium/Descemet's membrane replaced, stroma undisturbed."
Ophthalmology,Part-4,Keratoplasty,What are the main indications for keratoplasty?,"Corneal ulcers, bullous keratopathy, and keratoconus."
Ophthalmology,Part-4,Keratoplasty,"Within what time frame must a corneal graft be taken from a cadaver, and what medium is it stored in?","Within 6 hours from the cadaver; stored in McCarey-Kauffman medium, viable for 48-72 hours."
Ophthalmology,Part-4,Keratoplasty,What type of sutures are typically used in keratoplasty?,Nylon sutures.
Ophthalmology,Part-4,Keratoplasty,What are the signs of corneal graft rejection?,"Khodadoust line, Kayes dots (subepithelial), and keratic precipitates (KP)."
Ophthalmology,Part-5,Lens Anatomy & Congenital Lens Disorders,Where is the lens located anatomically and is it vascular?,"The lens sits in the patellar fossa (posterior to iris, anterior to vitreous) and is avascular."
Ophthalmology,Part-5,Lens Anatomy & Congenital Lens Disorders,What are the refractive indices of the lens nucleus vs cortex?,Nucleus = 1.41; Cortex = 1.38.
Ophthalmology,Part-5,Lens Anatomy & Congenital Lens Disorders,"What are lens proteins called, which is most common, and which is largest?","Water-soluble lens proteins are called crystallins; the most common (MC) is beta-crystallin; the largest is alpha-crystallin. HM1 and HM2 (high molecular weight) crystallins are also water soluble."
Ophthalmology,Part-5,Lens Anatomy & Congenital Lens Disorders,What are the lens epithelial cell types at the equator responsible for growth?,"A cells (epithelial cells, resting); E cells (columnar, actively dividing/elongating to form new lens fibers) at the region of active mitosis (equator/bow region)."
Ophthalmology,Part-5,Lens Anatomy & Congenital Lens Disorders,Which direction does ectopia lentis occur in Marfan syndrome vs Homocystinuria?,"Marfan syndrome: superotemporal lens dislocation. Homocystinuria: inferonasal lens dislocation."
Ophthalmology,Part-5,Lens Anatomy & Congenital Lens Disorders,What condition causes microspherophakia with anteriorly positioned lens and positional myopia?,Weill-Marchesani syndrome.
Ophthalmology,Part-5,Lens Anatomy & Congenital Lens Disorders,Anterior lenticonus is associated with which syndrome? Posterior lenticonus with which syndrome?,"Anterior lenticonus - Alport syndrome. Posterior lenticonus - Lowe syndrome (oculo-cerebro-renal syndrome)."
Ophthalmology,Part-5,Lens Anatomy & Congenital Lens Disorders,"What is the most common congenital cataract (usually asymptomatic), and which type most commonly causes diminution of vision?","Blue dot (cerulean) cataract is the most common congenital cataract overall (often asymptomatic, also seen in Down syndrome). Lamellar/zonular cataract is the most common congenital cataract that leads to diminished vision, and is associated with rickets, congenital rubella, and vitamin D deficiency."
Ophthalmology,Part-5,Lens Anatomy & Congenital Lens Disorders,What causes fluctuating myopic shifts in refraction and by what mechanism?,"Diabetes mellitus, due to osmotic imbalance (sorbitol accumulation in the lens)."
Ophthalmology,Part-5,Cataract Types,"What causes snowflake cataract, and what is the mechanism?","Diabetes mellitus, due to sorbitol accumulation in the lens."
Ophthalmology,Part-5,Cataract Types,What causes sunflower cataract?,"Copper deposition, seen in Wilson's disease and chalcosis (intraocular copper foreign body)."
Ophthalmology,Part-5,Cataract Types,What condition is associated with Christmas tree cataract?,Myotonic dystrophy.
Ophthalmology,Part-5,Cataract Types,What is the Cuneiform cataract and what type of cataract does it describe?,A mature cortical cataract pattern (wedge-shaped opacities in the cortex).
Ophthalmology,Part-5,Cataract Types,"What is pseudoexfoliation syndrome, in whom is it seen, and what sign and glaucoma association does it have?","A degenerative condition of the elderly showing the 'Hoarfrost sign'; it is associated with pigmentary glaucoma, which shows a Krukenberg spindle on the corneal endothelium."
Ophthalmology,Part-5,Cataract Types,What is 'second sight' phenomenon and with which cataract type is it seen?,"Improved near vision (myopic shift, better day/near vision than distance/night vision) seen with nuclear cataract, due to index myopia."
Ophthalmology,Part-5,Cataract Types,"How do immature, mature, and hypermature cataracts differ on slit lamp exam?","Immature cataract: cortex is spared (partial opacification), iris shadow present. Mature cataract: no iris shadow, no cortex clearly visible (complete opacification). Hypermature cataract: further divided into Morgagian type (liquefied cortex, nucleus sinks) and Sclerotic type (cortex gets absorbed)."
Ophthalmology,Part-5,Cataract Types,What symptoms are classic for posterior subcapsular cataract?,Difficulty in bright light and glare (due to opacity near the visual axis/nodal point).
Ophthalmology,Part-5,Cataract Types,"What is polychromatic lustre / breadcrumb cataract, and what is its most common cause (MCC)?","A complicated cataract; the most common cause is chronic uveitis."
Ophthalmology,Part-5,Cataract Types,What causes 'Glassblower's cataract'?,Exposure to infrared (IR) radiation.
Ophthalmology,Part-5,Cataract Types,What causes a shield-like anterior subcapsular cataract?,"Atopic dermatitis, steroid use, NF2 (neurofibromatosis type 2), amiodarone, and chlorpromazine."
Ophthalmology,Part-5,Cataract-Associated Glaucoma & Uveitis,"Differentiate phacomorphic, phacolytic, phacotoxic glaucoma, and phacoanaphylactic uveitis by mechanism.","Phacomorphic glaucoma: intumescent (swollen) cataract causes a shallow anterior chamber. Phacolytic glaucoma: deep anterior chamber with leakage of denatured lens proteins through an intact capsule (mature/hypermature cataract). Phacotoxic glaucoma and Phacoanaphylactic uveitis: both occur when lens particles leak because the capsule is NOT intact (ruptured)."
Ophthalmology,Part-5,Cataract-Associated Glaucoma & Uveitis,What is the Fincham test used to differentiate and what are the findings?,"Used to differentiate corneal edema from cataract using colored halos around a light source: corneal edema shows colored halos present; cataract shows no colored halos."
Ophthalmology,Part-5,Cataract-Associated Glaucoma & Uveitis,What sign is seen on the corneal endothelium in pigmentary glaucoma?,Krukenberg spindle (vertical pigment deposition on corneal endothelium).
Ophthalmology,Part-6,Cataract Surgery Techniques,"What are the incision sizes and key features of ECCE (conventional), SICS, phacoemulsification, MICS, and FLACS?","ECCE Conventional: 7-8mm incision at the limbus. SICS (Small Incision Cataract Surgery): 5-6mm, uses a sclero-corneal tunnel. Phacoemulsification: 3-3.5mm clear corneal incision, uses ultrasonic energy (40 kHz, piezoelectric) causing photodisruption of lens particles. MICS (Micro-Incision Cataract Surgery): 1-1.8mm. FLACS (Femto-Laser Assisted Cataract Surgery): uses Nd:Glass laser (1053-1054nm)."
Ophthalmology,Part-6,Cataract Surgery Techniques,What is ICCE and when is it indicated?,"Intracapsular Cataract Extraction (whole lens with capsule removed); indicated in cases of significant lens subluxation."
Ophthalmology,Part-6,Cataract Surgery Complications,What are the major intra-operative complications of cataract surgery?,"1) Posterior capsular rupture +/- vitreous loss. 2) UGH syndrome (Uveitis-Glaucoma-Hyphema). 3) Expulsive choroidal hemorrhage. 4) Anterior capsule tear (may show the 'Argentinian flag sign' - a sign of radial tear extension in white/intumescent cataract during capsulorhexis)."
Ophthalmology,Part-6,Cataract Surgery Complications,What are the major acute post-operative complications of cataract surgery?,"1) Iris prolapse. 2) Endophthalmitis. 3) TASS (Toxic Anterior Segment Syndrome). 4) Shallow anterior chamber (AC)."
Ophthalmology,Part-6,Cataract Surgery Complications,"What is PCO, what is the associated finding, and how is it treated?","Posterior Capsular Opacification, the most common chronic post-op complication; may show Sommering ring or Elschnig pearls (more common than Sommering ring); treated with Nd:YAG laser (1064nm) capsulotomy."
Ophthalmology,Part-6,Cataract Surgery Complications,What is Irvine-Gass syndrome and when does it typically present after cataract surgery?,"Cystoid Macular Edema (CME) occurring as a delayed post-operative complication, typically presenting 6-10 weeks after surgery."
Ophthalmology,Part-6,Cataract Surgery Complications,"What are the most common causative organisms for early-onset vs late-onset (>6 weeks) post-cataract-surgery endophthalmitis, and how is it managed?","Early onset: MCC is CoNS (coagulase-negative Staphylococcus). Late onset (>6 weeks): MCC is P. acnes. Management: intravitreal antibiotics -> vitrectomy (if worsening) -> evisceration (if refractory); there is no role for systemic antibiotics."
Ophthalmology,Part-6,General Ophthalmic & Cataract Instruments,What are the key instruments used for anterior capsulorhexis and what dye aids visualization in a white/mature cataract?,"Cystitome is used to perform Continuous Curvilinear Capsulorhexis (CCC); Trypan blue dye stains the anterior capsule to improve visibility during capsulorhexis in a white cataract."
Ophthalmology,Part-6,General Ophthalmic & Cataract Instruments,What instrument is used for hydrodissection and what instruments assist in cortex removal?,"Hydrodissection wire vectus is used for hydrodissection; Simcoe's irrigating and suction cannula is used for irrigation/aspiration of cortical material."
Ophthalmology,Part-6,General Ophthalmic & Cataract Instruments,"What material are rigid IOLs made of, and what is the best material for foldable IOLs?","Rigid IOLs are made of PMMA (polymethyl methacrylate); the best material for foldable IOLs is hydrophobic acrylic (syringes also use HEMA/hydrophilic material)."
Ophthalmology,Part-6,General Ophthalmic & Cataract Instruments,What instruments are used to hold and manipulate the IOL during implantation?,IOL holding forceps (to hold the IOL) and IOL dialer (to manipulate/rotate/position the IOL in the bag).
Ophthalmology,Part-6,General Ophthalmic & Cataract Instruments,What is the difference between AC IOL and PC IOL?,"AC IOL = Anterior Chamber IOL, placed in front of the iris; PC IOL = Posterior Chamber IOL, placed in the capsular bag/posterior chamber (standard location after phacoemulsification)."
Ophthalmology,Part-6,General Ophthalmic & Cataract Instruments,What two components make up biometry for IOL power calculation?,Corneal curvature (via keratometry) plus axial length (via A-mode USG).
Ophthalmology,Part-6,General Ophthalmic & Cataract Instruments,"Which IOL power calculation formulas are used for long axial length, short axial length, and post-myopic LASIK eyes?","Long axial length: SRK-T formula. Short axial length: Holladay / Hoffer Q formula. Post-myopic LASIK: Haigis-L formula."
Ophthalmology,Part-6,General Ophthalmic & Cataract Instruments,What is the Superior Rectus (SR) holding forceps used for during cataract/other surgeries?,Used to place a bridle suture (fixates the globe by grasping the superior rectus muscle).
Ophthalmology,Part-6,General Ophthalmic & Cataract Instruments,What is the MVR blade used for in cataract surgery?,Creating the side port incision.
Ophthalmology,Part-6,General Ophthalmic & Cataract Instruments,What is the typical topical anesthetic used in eye surgery and its key property?,"Proparacaine, a topical anesthetic with onset/duration around 15-20 minutes."
Ophthalmology,Part-6,General Ophthalmic & Cataract Instruments,What are enucleation scoop and evisceration scoop used for respectively?,"Enucleation scoop: used to remove the entire globe (enucleation). Evisceration scoop: used to remove intraocular contents while leaving the sclera behind (evisceration)."
Ophthalmology,Part-6,General Ophthalmic & Cataract Instruments,What are chalazion scoop and chalazion clamp used for?,Used together during surgical curettage/excision of a chalazion (scoop removes contents; clamp stabilizes/everts the eyelid).
Ophthalmology,Part-6,General Ophthalmic & Cataract Instruments,What are eyelid spatula and eyelid clamp used for?,General eyelid surgery - to manipulate and stabilize the eyelid during procedures.
Ophthalmology,Part-6,General Ophthalmic & Cataract Instruments,What is the Castroviejo caliper used for?,Measuring ocular structures (e.g. corneal diameter) during surgery.
Ophthalmology,Part-6,General Ophthalmic & Cataract Instruments,What is a trephine keratome used for?,Corneal trephination during keratoplasty (cutting a circular corneal button).
Ophthalmology,Part-6,General Ophthalmic & Cataract Instruments,What is a punctum dilator used for?,Dilating the lacrimal punctum (used in lacrimal syringing/probing procedures).
Ophthalmology,Part-6,General Ophthalmic & Cataract Instruments,What is a Bowman probe used for?,Probing the nasolacrimal duct system (e.g. in congenital dacryocystitis management).
Ophthalmology,Part-6,General Ophthalmic & Cataract Instruments,What is Kerrison's bone punch used for?,Removing bone during dacryocystorhinostomy (DCR) surgery.
Ophthalmology,Part-6,General Ophthalmic & Cataract Instruments,What is a trabeculoplasty probe used for?,Performing laser trabeculoplasty in glaucoma management.
Ophthalmology,Part-7,Uveitis,"How is uveitis anatomically classified, and what are the typical symptoms of each type?","Anterior uveitis (iris + pars plicata of ciliary body): painful red eye + loss of vision, managed with steroids + cycloplegics. Intermediate uveitis (pars plana of ciliary body / pars planitis): shows snowballs and snowbanking, typically painless. Posterior uveitis (choroid / chorioretinitis): painless loss of vision + floaters (vitreous involvement)."
Ophthalmology,Part-7,Uveitis,What are Koeppe nodules vs Busacca nodules in uveitis?,"Koeppe nodules (at the pupillary margin) are seen in BOTH granulomatous and non-granulomatous uveitis. Busacca nodules (in the iris stroma) are seen ONLY in granulomatous uveitis."
Ophthalmology,Part-7,Uveitis,What is a festooned pupil and what causes it?,An irregular pupil shape caused by extensive peripheral anterior synechiae (PAS) formation.
Ophthalmology,Part-7,Uveitis,"What is Fuchs Heterochromic Iridocyclitis (FHI), and what are its key features?","A form of uveitis causing heterochromia (color difference between eyes), iris atrophy, unilateral involvement, posterior subcapsular cataract; classically PAINLESS and shows NO redness despite chronic recurrent uveitis; associated with stellate keratic precipitates."
Ophthalmology,Part-7,Uveitis,"What sign describes bleeding into the anterior chamber upon paracentesis, and in which condition is it seen?","Amsler sign, classically seen in Fuchs Heterochromic Iridocyclitis (FHI)."
Ophthalmology,Part-7,Uveitis,What is Suiguira sign and what condition is it associated with?,Perilimbal vitiligo; associated with Vogt-Koyanagi-Harada (VKH) syndrome.
Ophthalmology,Part-7,Uveitis,"Classify the types of keratic precipitates (KP) by appearance and their associated causes.","Mutton fat KP (large, greasy) = Granulomatous uveitis: TB, Sarcoidosis, Leprosy, Syphilis. Fine granular KP = Non-granulomatous/lymphocytic uveitis: Ankylosing spondylitis, Reactive arthritis, Reiter's syndrome, Behcet's disease. Pigmented KP = JIA (Juvenile Idiopathic Arthritis). Stellate KP = HSV, Toxoplasma, and Fuchs Heterochromic Iridocyclitis (FHI, also shows iris atrophy and hyphema)."
Ophthalmology,Part-7,Uveitis,"What is VKH (Vogt-Koyanagi-Harada) syndrome, and what are its key features?","A bilateral granulomatous panuveitis with perilimbal vitiligo, sensorineural hearing loss (SNHL), melanocyte and meningeal involvement, sunset-glow fundus appearance, and association with HLA-DR4."
Ophthalmology,Part-8,Glaucoma Basics & Types,What is the classic triad of glaucoma?,"Raised intraocular pressure (normal range: 10-21 mmHg), fundus changes (optic disc cupping), and visual field defects."
Ophthalmology,Part-8,Glaucoma Basics & Types,"What are the typical symptoms, risk factors, and AC depth findings in Open Angle Glaucoma (OAG)?","Gradual, progressive, PAINLESS loss of vision; risk factors: myopia, age >40 years, positive family history; anterior chamber is deep (in contrast to Angle Closure Glaucoma where it is shallow)."
Ophthalmology,Part-8,Glaucoma Basics & Types,"What is the classic presentation and Vogt's Triad of Angle Closure Glaucoma (ACG)?","Sudden, painful loss of vision with a mid-dilated fixed pupil; anterior chamber is shallow. Vogt's Triad: Glaucomflecken (anterior subcapsular lens opacity), iris atrophy, and pigment dispersion on the corneal endothelium."
Ophthalmology,Part-8,Glaucoma Basics & Types,"What is the stepwise pathophysiology of angle closure glaucoma?","Pupil block → Iris bombe → Peripheral Anterior Synechiae (PAS) → Angle Closure Glaucoma."
Ophthalmology,Part-8,Glaucoma Basics & Types,"What is the medical management of acute angle closure glaucoma (ACG), and what drug is contraindicated?","Atropine is CONTRAINDICATED. Medical management includes Acetazolamide, Mannitol, and Pilocarpine (mnemonic: A-M-P). Definitive surgical treatment is peripheral iridotomy (Nd:YAG laser, 1064nm)."
Ophthalmology,Part-8,Glaucoma Basics & Types,What is the standard laser treatment for Primary Open Angle Glaucoma (POAG)?,"Bilateral laser trabeculoplasty (using Nd:YAG 532nm, double frequency)."
Ophthalmology,Part-8,Glaucoma Basics & Types,"What is congenital glaucoma (buphthalmos), what causes it, and what are its clinical features?","Caused by trabeculodysgenesis; features include blepharospasm, photophobia, lacrimation, horizontal Haab's striae, and corneal diameter >13mm."
Ophthalmology,Part-8,Glaucoma Basics & Types,What is the surgical management sequence for congenital glaucoma?,Goniotomy → Trabeculotomy + Trabeculectomy.
Ophthalmology,Part-8,Glaucoma Basics & Types,"What is Posner-Schlossman syndrome, and what is its drug of choice?","Unilateral IOP spikes with associated uveitis (also called inverse glaucoma / glaucomatocyclitic crisis); drug of choice is Atropine."
Ophthalmology,Part-8,Glaucoma Basics & Types,What causes pigmentary glaucoma and what sign is seen on the endothelium?,Pigment dispersion from the iris pigment epithelium causes pigmentary glaucoma; a Krukenberg spindle is seen on the corneal endothelium.
Ophthalmology,Part-8,Glaucoma Basics & Types,"What is malignant glaucoma, and how does it resolve?","Surgery-induced ciliary block glaucoma; it resolves on administration of Atropine."
Ophthalmology,Part-8,Glaucoma Investigations,"What are the different types of tonometers, and which is the gold standard?","Schiotz tonometer (indentation type); Goldmann Applanation Tonometer (GAT) - the GOLD STANDARD, based on the Imbert-Fick law (P=F/A) with a fixed contact area of 3.06 mm²; Self/Digital/Rebound tonometer; Non-contact (air-puff) tonometer; Ocular Response Analyzer (advanced non-contact device); Mackay-Marg tonometer - used for eyes with an irregular corneal surface; Pascal's tonometer (contact type)."
Ophthalmology,Part-8,Glaucoma Investigations,"What is the normal cup:disc (C:D) ratio, and what ratio suggests glaucoma?","Normal C:D ratio is 0.3:1; a ratio ≥0.5:1 is suggestive of glaucomatous cupping."
Ophthalmology,Part-8,Glaucoma Investigations,What are the signs of glaucomatous optic disc cupping seen on fundus exam?,"Increased cup:disc ratio, thinning of the neuro-retinal rim (violating the ISNT rule), nasal shifting of retinal vessels, laminar dot sign (visible lamina cribrosa), and the bayonetting sign."
Ophthalmology,Part-8,Glaucoma Investigations,What is the ISNT rule for the neuro-retinal rim?,"Normally, the neuro-retinal rim is thickest Inferiorly, then Superiorly, then Nasally, and thinnest Temporally (I>S>N>T); violation of this order suggests glaucomatous thinning."
Ophthalmology,Part-8,Glaucoma Investigations,"What is a gonioscope used for, and what is the mnemonic for the structures visualized from anterior to posterior?","Used to visualize the anterior chamber angle. Mnemonic 'I Can See Till Schwalbe's line': Iris → Ciliary body → Scleral spur → Trabecular meshwork → Schwalbe's line (which corresponds to the cornea at the level of Descemet's membrane)."
Ophthalmology,Part-8,Glaucoma Investigations,"What optical principle underlies gonioscopy, and what is the critical angle?","Total internal reflection; the critical angle of the eye is 46 degrees."
Ophthalmology,Part-8,Glaucoma Investigations,"Which gonioscopy lenses provide direct visualization, and which provide indirect visualization?","Direct: Richardson and Koeppe lenses. Indirect: Zeiss and Goldmann lenses."
Ophthalmology,Part-8,Glaucoma Investigations,Which perimetry techniques are static and which are kinetic?,"Static perimetry: Humphrey, Octopus, Oculus perimeters. Kinetic perimetry: Goldmann perimeter, Bjerrum screen, Lister perimeter."
Ophthalmology,Part-8,Glaucoma Investigations,"What is the sequence of visual field defects in glaucoma, from earliest to last?","Earliest: isopter contracture, followed by paracentral scotoma (central 20-30°) / Siedel's scotoma (earliest detectable damage) → Bjerrum/arcuate scotoma → Ring/double arcuate scotoma → Roenne's nasal step → loss of central vision → temporal crescent loss (occurs last)."
Ophthalmology,Part-8,Glaucoma Investigations,What are the normal extents of the visual field in each direction (superior/inferior/nasal/temporal)?,"Superior: 50-60°. Inferior: 70-80°. Nasal: 60°. Temporal: 100-110°."
Ophthalmology,Part-8,Anti-Glaucoma Drugs,"Which drug class decreases aqueous production via ocular beta blockade, list the drugs, and note the key side effect?","Ocular beta blockers: Timolol, Betaxolol (cardioselective), Levobunolol, Carteolol; main side effect is corneal anesthesia."
Ophthalmology,Part-8,Anti-Glaucoma Drugs,"What are the alpha agonist drugs used in glaucoma (non-selective and alpha-2 selective), and their key side effects?","Non-selective alpha agonist: Dipivefrine (S/E: black conjunctiva). Alpha-2 selective agonists: Apraclonidine (S/E: lid retraction) and Brimonidine (S/E: apnea/decreased GCS in children - therefore NOT used in children)."
Ophthalmology,Part-8,Anti-Glaucoma Drugs,"What are the carbonic anhydrase inhibitors used in glaucoma, and their key side effects?","Acetazolamide, Brinzolamide, Dorzolamide; side effects include sulfa allergy and metabolic acidosis."
Ophthalmology,Part-8,Anti-Glaucoma Drugs,"Which drug class increases trabecular outflow via cholinomimetic action, and what are its side effects?","Pilocarpine (a cholinomimetic); side effects are miosis and NLD (nasolacrimal duct) stenosis."
Ophthalmology,Part-8,Anti-Glaucoma Drugs,"Which drug increases trabecular outflow as a Rho kinase inhibitor, and what is its characteristic side effect?","Netrasudil; causes vortex keratopathy / cornea verticillata."
Ophthalmology,Part-8,Anti-Glaucoma Drugs,What conditions/drugs (other than Netrasudil) classically cause cornea verticillata (vortex keratopathy)?,"Mnemonic 'I CAn'T': Indomethacin, Chlorpromazine/Chloroquine, Amiodarone, Tamoxifen; also seen in Fabry's disease."
Ophthalmology,Part-8,Anti-Glaucoma Drugs,"Which drug class increases uveoscleral outflow, what are the drugs (including the drug of choice), and what are the key side effects?","PGF2-alpha analogues, which are the DOC (drug of choice) for glaucoma overall: Latanoprost, Bimatoprost, and Omidenepag (a PGF2-alpha agonist). Side effects: hypertrichosis of eyelashes, heterochromia (iris color change), cystoid macular edema (CME), and reactivation of uveitis."
Ophthalmology,Part-9,Visual Field Defects (Localization),What visual field defect results from a lesion of one optic nerve?,Complete (total) anopia/blindness of the ipsilateral eye only.
Ophthalmology,Part-9,Visual Field Defects (Localization),What visual field defect results from a lesion at the optic chiasm and what are the classic causes?,"Bitemporal (heteronymous) hemianopia; caused classically by pituitary adenoma (early lesion: superior bitemporal quadrantanopia) or craniopharyngioma (early lesion: inferior bitemporal quadrantanopia), or by an ACoM/pituitary aneurysm."
Ophthalmology,Part-9,Visual Field Defects (Localization),What visual field defect results from a lesion of the optic tract?,Contralateral homonymous hemianopia (typically incongruous).
Ophthalmology,Part-9,Visual Field Defects (Localization),What visual field defect results from a lesion of Meyer's loop (temporal lobe) vs Baum's loop (parietal lobe)?,"Meyer's loop (temporal lobe) lesion → contralateral homonymous SUPERIOR quadrantanopia ('pie in the sky', mnemonic STEMI). Baum's loop (parietal lobe) lesion → contralateral homonymous INFERIOR quadrantanopia."
Ophthalmology,Part-9,Visual Field Defects (Localization),What visual field defect results from a lesion of the optic radiation / lateral geniculate body (LGB)?,"Contralateral homonymous hemianopia; a lesion at the LGB produces a characteristic 'keyhole defect'."
Ophthalmology,Part-9,Visual Field Defects (Localization),"What visual field defect results from a lesion of the posterior calcarine sulcus (occipital cortex, e.g. PCA infarct), and what unusual syndrome can result from bilateral involvement?","Contralateral homonymous hemianopia WITH macular sparing; bilateral involvement can cause Anton syndrome - cortical blindness with denial of blindness."
Ophthalmology,Part-9,Visual Field Defects (Localization),"What is a junctional scotoma, which fibers are involved, and what commonly causes it?","A lesion at the junction of the optic nerve and chiasm; involves the anterior knee of Wilbrand (contralateral inferonasal fibers looping into the ipsilateral optic nerve), causing ipsilateral eye blindness plus a contralateral superior temporal field defect; classically caused by meningiomas."
Ophthalmology,Part-9,Visual Field Defects (Localization),What is Wernicke's hemianopic pupil and where is the causative lesion?,"Loss of pupillary light reflex when light is shone into the blind hemifield, due to a lesion of the optic tract (pupillary fibers leave the optic tract before reaching the LGB)."
Ophthalmology,Part-9,Light Reflex Pathway,What percentage of retinogeniculate fibers carry light reflex information vs near/accommodation information?,"Light reflex fibers: 3-5%; near (accommodation) fibers: 95-97%."
Ophthalmology,Part-9,Light Reflex Pathway,What is the complete synapse and decussation sequence of the pupillary light reflex pathway?,"Synapse #1: pretectal nucleus → Decussation #1: at the chiasm and posterior commissure region → Synapse #2: Edinger-Westphal nucleus → Decussation #2: at the posterior commissure → Synapse #3: ciliary ganglion → short ciliary nerves to the sphincter pupillae."
Ophthalmology,Part-9,Light Reflex Pathway,"Where does CN III travel that makes it vulnerable to compression, and what lesions classically compress it?","It travels superficially along the dorsomedial subarachnoid course, making it vulnerable to compression from a posterior communicating artery (PComm) aneurysm or uncal herniation."
Ophthalmology,Part-9,Light Reflex Pathway,"What is the Marcus Gunn pupil (swinging flashlight test), and what condition is it a hallmark of?","Also called a Relative Afferent Pupillary Defect (RAPD); it is the hallmark sign of optic neuritis, and should always prompt ruling out multiple sclerosis."
Ophthalmology,Part-9,Light Reflex Pathway,"What is the Argyll Robertson pupil, and what are its light vs accommodation reflex findings?","Seen in neurosyphilis; accommodation reflex is PRESENT but the light reflex is ABSENT (light-near dissociation)."
Ophthalmology,Part-9,Light Reflex Pathway,"Compare Adie's tonic pupil and pharmacological mydriasis using dilated pupil, accommodation, and pilocarpine responses.","Both show an ipsilateral dilated pupil (++). Accommodation: Adie's pupil = normal/intact; Pharmacological mydriasis = absent (cycloplegia). Response to 0.125% pilocarpine: Adie's pupil constricts (due to denervation supersensitivity); pharmacological mydriasis shows no response. Response to 1% pilocarpine: Adie's pupil constricts; pharmacological mydriasis shows no response (or reversed)."
Ophthalmology,Part-9,Light Reflex Pathway,What are the three classic features of Adie's tonic pupil?,"Receptor upregulation (denervation supersensitivity), light-near dissociation, and anisocoria."
Ophthalmology,Part-9,Sympathetic Pathway (Horner's Syndrome),What are the three neurons of the ocular sympathetic pathway and where does each lesion classically occur?,"1st order neuron: hypothalamus to ciliospinal center of Budge (C8-T1) via the postero-lateral brainstem - lesion here often from lateral brainstem stroke. 2nd order neuron: ciliospinal center (C8-T2) to superior cervical ganglion, passing over the lung apex - vulnerable to Pancoast tumor. 3rd order neuron: superior cervical ganglion, traveling along the internal carotid artery and long ciliary nerve, to the iris dilator and Muller's muscle."
Ophthalmology,Part-9,Sympathetic Pathway (Horner's Syndrome),"What is the mechanism and result of the 4% cocaine test in suspected Horner's syndrome?","Cocaine blocks norepinephrine (NE) reuptake; in a normal eye this causes pupil dilation, but in Horner's syndrome there is no NE in the postsynaptic cleft to begin with, so NO dilation occurs, confirming the diagnosis of Horner's syndrome."
Ophthalmology,Part-9,Sympathetic Pathway (Horner's Syndrome),"What is the mechanism and result of the 1% apraclonidine test in suspected Horner's syndrome?","Apraclonidine exploits denervation hypersensitivity of alpha-1 receptors in Horner's syndrome; the pupil DILATES (reversing the anisocoria), confirming the diagnosis of Horner's syndrome."
Ophthalmology,Part-9,Sympathetic Pathway (Horner's Syndrome),"What is the mechanism of the 1% amphetamine test, and how does it localize a pre- vs post-ganglionic Horner's lesion?","Amphetamine releases stored norepinephrine from the presynaptic terminal. If the pupil DILATES, the lesion is PRE-ganglionic (intact postganglionic neuron with stored NE); if the pupil does NOT dilate, the lesion is POST-ganglionic (postganglionic neuron degenerated, no NE stores)."
Ophthalmology,Part-9,Internuclear Ophthalmoplegia,What is seen in Right MLF Internuclear Ophthalmoplegia (INO) on left gaze?,"Impaired adduction of the right eye, with nystagmus of the abducting left eye."
Ophthalmology,Part-9,Optic Atrophy,"How do primary, secondary, and consecutive optic atrophy differ in disc appearance, margins, and causes?","Primary: no previous disc swelling, disc is chalky white, margins distinct, no gliosis; caused by optic nerve/chiasm compression, hereditary optic neuropathy (e.g. Leber's - mitochondrial), or nutritional optic atrophy (Vitamin B6/B1/B3 deficiency, tobacco-related toxic amblyopia). Secondary: preceded by long-standing disc swelling, disc is grey, margins blurred, gliosis of the optic nerve head present; caused by chronic papilledema, papillitis, or anterior ischemic optic neuropathy (e.g. from giant cell arteritis). Consecutive: no previous swelling, disc is waxy pale, margins normal with attenuated arteries, no gliosis; caused by chorioretinal disease (e.g. retinitis pigmentosa) or central retinal artery occlusion."
Ophthalmology,Part-9,Optic Atrophy,"What is the most common ocular manifestation of multiple sclerosis, and what are its key features and treatment?","Retrobulbar neuritis (most common); presents with painful UNILATERAL loss of vision with NO visual field defect and a NORMAL fundus; investigation of choice is contrast-enhanced MRI (CE-MRI); treatment is IV methylprednisolone 1g daily for 3 days followed by oral steroids. About 50% of MS patients develop optic neuritis over their lifetime, and 25% present with optic neuritis as the first symptom."
Ophthalmology,Part-9,Optic Atrophy,What are the Pulfrich sign and Uthoff sign (seen in optic neuritis/MS)?,"Pulfrich sign: altered depth perception. Uthoff sign: symptoms worsen with a hot bath/rise in body temperature."
Ophthalmology,Part-9,Optic Atrophy,"What causes papilledema, what are its clinical features, and what test is contraindicated?","Caused by raised intracranial pressure (ICP); presents as painless, BILATERAL disc swelling; visual field defects include enlargement of the blind spot and central scotoma; associated with Paton's lines; lumbar puncture is contraindicated until a mass lesion is ruled out."
Ophthalmology,Part-9,Optic Atrophy,What conditions cause altitudinal visual field defects?,"Glaucoma, optic nerve (ON) drusen, and Anterior Ischemic Optic Neuropathy (AION) - AION due to Giant Cell Arteritis classically causes a 'curtain falling' type visual loss (amaurosis fugax)."
Ophthalmology,Part-9,Optic Atrophy,What is Morning Glory syndrome and what are its key features?,A congenital optic disc anomaly characterized by absent lamina cribrosa and retrodisplacement of the optic nerve.
Ophthalmology,Part-10,Retina Anatomy,"List the layers of the retina from innermost to outermost.","Internal Limiting Membrane (ILM) → Nerve Fiber Layer (NFL) → Ganglion Cell Layer (GCL, 3rd order neuron) → Inner Plexiform Layer (IPL) → Inner Nuclear Layer (INL, 2nd order neurons: bipolar, Muller, amacrine, horizontal cells) → Outer Plexiform Layer (OPL) → Outer Nuclear Layer (ONL) → Outer Limiting Membrane (OLM) → Photoreceptors (1st order neurons: rods & cones) → Retinal Pigment Epithelium (RPE) → Bruch's membrane → Choroid."
Ophthalmology,Part-10,Retina Anatomy,"Compare direct and indirect (+20D lens) ophthalmoscopy for magnification, field diameter, image orientation, peripheral view, and stereopsis.","Direct ophthalmoscopy: magnification ~15X (some sources state 14X - figure varies slightly between references), field diameter 2DD, image is direct (upright, not reversed), limited peripheral view, stereopsis absent. Indirect ophthalmoscopy (+20D lens): magnification ~3X, field diameter ~8-9DD (figure varies slightly between references), image is inverted and reversed, full peripheral view, stereopsis present."
Ophthalmology,Part-10,Retina Anatomy,"In electroretinography (ERG), what do the a-wave and b-wave represent, and in which condition is ERG used as the investigation of choice?","a-wave represents photoreceptor activity; b-wave represents bipolar cell activity. ERG is the investigation of choice (IOC) for Retinitis Pigmentosa, where it is abnormal."
Ophthalmology,Part-10,Retina Anatomy,"What does electrooculography (EOG) measure, what is the Arden's ratio, its normal value, and in which condition is EOG the IOC?","EOG measures the light peak to dark trough ratio (Arden's ratio); normal Arden's ratio is >1.85. EOG is the investigation of choice for Best disease, where the Arden's ratio is decreased."
Ophthalmology,Part-10,Retina Anatomy,What happens to rod cells and glutamate release upon exposure to light?,Rods undergo hyperpolarization and glutamate release DECREASES.
Ophthalmology,Part-10,Retina Anatomy,What are the blood supplies to the outer 4 retinal layers vs the inner 6 retinal layers?,"Outer 4 layers (photoreceptors etc.) are supplied by the Short Posterior Ciliary Artery (via choriocapillaris/choroid). Inner 6 layers are supplied by the Central Retinal Artery."
Ophthalmology,Part-10,Macular Disorders,What test detects metamorphopsia (distorted central vision)?,Amsler grid test.
Ophthalmology,Part-10,Macular Disorders,"What is Central Serous Retinopathy (CSR), what does FFA show, which retinal layer is affected, what are the risk factors, and what is the treatment?","CSR shows an 'ink blot/dot blot/umbrella/smokestack' pattern on Fundus Fluorescein Angiography (FFA); the affected layer is the RPE; risk factors are steroid use and Type A personality; treatment is Photodynamic Therapy (PDT) using Verteporfin dye."
Ophthalmology,Part-10,Macular Disorders,"What is Cystoid Macular Edema (CME), what does OCT show, which layer is affected, what are its causes, and treatment?","CME shows a 'petalloid appearance' on OCT; the affected layer is the OPL (Outer Plexiform Layer); causes include Irvine-Gass syndrome, prostaglandin analogue use, diabetic retinopathy, uveitis, retinitis pigmentosa, CRVO, and niacin toxicity; treatment is NSAIDs/steroids."
Ophthalmology,Part-10,Macular Disorders,What are the outer and inner components of the blood-retinal barrier and what conditions result from their breakdown?,"Outer blood-retinal barrier = RPE (breakdown causes CSR). Inner blood-retinal barrier = capillary permeability (breakdown causes CME)."
Ophthalmology,Part-11,Diabetic Retinopathy,"What is the earliest sign of diabetic retinopathy and in which retinal layer does it occur?","Microaneurysm is the earliest sign, located in the Inner Nuclear Layer (INL)."
Ophthalmology,Part-11,Diabetic Retinopathy,"In which retinal layers are dot-and-blot hemorrhages/hard exudates vs flame-shaped hemorrhages/cotton wool spots located in diabetic retinopathy?","Dot-and-blot hemorrhages and hard exudates are located in the Outer Plexiform Layer (OPL). Flame-shaped hemorrhages and cotton wool (soft) exudates are located in the Nerve Fiber Layer (NFL)."
Ophthalmology,Part-11,Diabetic Retinopathy,"What is the screening protocol for diabetic retinopathy in Type 1 vs Type 2 diabetics, and what is the most important risk factor?","Type 1 DM: screen starting 5 years after diagnosis. Type 2 DM: screen immediately at diagnosis. The most important risk factor for diabetic retinopathy is DURATION of diabetes, more so than glycemic control."
Ophthalmology,Part-11,Diabetic Retinopathy,"What defines Proliferative Diabetic Retinopathy (PDR), and what is its treatment?","PDR is characterized by neoangiogenesis (abnormal new vessel formation) and subhyaloid/boat-shaped hemorrhage; treated with Pan-Retinal Photocoagulation (PRP) using an Nd:YAG double-frequency laser (532nm)."
Ophthalmology,Part-11,Diabetic Retinopathy,What is the 4-2-1 rule defining Severe NPDR (Non-Proliferative Diabetic Retinopathy)?,"Any ONE of the following (with no signs of PDR): >20 intraretinal hemorrhages in EACH of all four quadrants; definite venous beading in TWO or more quadrants; OR prominent IRMA (intraretinal microvascular abnormalities) in ONE or more quadrants."
Ophthalmology,Part-11,Diabetic Retinopathy,What are the features of Advanced Diabetic Eye Disease?,"Persistent vitreous hemorrhage, tractional retinal detachment, and neovascular glaucoma (NVI leading to Secondary Open Angle Glaucoma, also called '100-day glaucoma')."
Ophthalmology,Part-11,Diabetic Retinopathy,"List the intravitreal anti-VEGF drugs used in diabetic retinopathy, and note a key side effect of one of them.","Bevacizumab, Ranibizumab, Brolucizumab, Ramucirumab, Aflibercept, and Pegaptanib. Aflibercept carries a risk of Holiday Heart Syndrome (paroxysmal atrial fibrillation)."
Ophthalmology,Part-11,Diabetic Retinopathy,"What imaging modality is used to assess vitreous hemorrhage, and what are the differential diagnoses for it?","B-mode ultrasonography (USG); differential diagnoses include PDR (proliferative diabetic retinopathy), trauma, and Eales disease."
Ophthalmology,Part-11,Retinal Vascular & Infectious Pathologies,"What is the normal arteriole:vein (A:V) ratio, and what is it in hypertensive retinopathy?","Normal A:V ratio = 2:3; in hypertensive retinopathy, it becomes 1:3."
Ophthalmology,Part-11,Retinal Vascular & Infectious Pathologies,"What are the Salus, Gunn, and Bonnet signs seen in hypertensive retinopathy?","Salus sign: S-shaped deflection of veins at arteriovenous crossings. Gunn sign: tapering of the vein at either end of the crossing. Bonnet sign: dilatation of the vein at the crossing/junction."
Ophthalmology,Part-11,Retinal Vascular & Infectious Pathologies,"Describe the Keith-Wagner grading of hypertensive retinopathy.","Grade 1: mild generalized arteriolar narrowing. Grade 2: definite focal narrowing and arteriovenous nipping. Grade 3: retinal hemorrhages, exudates, and cotton wool spots (also shows Gunn/Salus/Bonnet signs and copper wiring). Grade 4: severe Grade 3 changes PLUS papilledema (also shows silver wiring)."
Ophthalmology,Part-11,Retinal Vascular & Infectious Pathologies,"What is a cherry red spot, and what are its differential diagnoses based on presence/absence of hepatosplenomegaly and history?","A cherry red spot at the macula is seen in Central Retinal Artery Occlusion (CRAO); differentials include: trauma (Berlin's edema), Tay-Sachs disease (cherry red spot, NO hepatosplenomegaly), and Niemann-Pick disease (cherry red spot WITH hepatosplenomegaly)."
Ophthalmology,Part-11,Retinal Vascular & Infectious Pathologies,"What is CRAO with cilioretinal artery sparing, how common is it, and what visual field defect results, with what differentials?","Occurs in ~14% of the population; results in tunnel vision; differentials include retinitis pigmentosa, and vigabatrin- or chloroquine-induced retinopathy."
Ophthalmology,Part-11,Retinal Vascular & Infectious Pathologies,"What is the classic fundus appearance of Central Retinal Vein Occlusion (CRVO), and what late complication can occur?","'Splashed tomato' appearance; can lead to neovascular glaucoma (NVG), also called '100-day glaucoma'."
Ophthalmology,Part-11,Retinal Vascular & Infectious Pathologies,What is the classic fundus appearance of sickle cell retinopathy?,'Sea fan' appearance (peripheral retinal neovascularization).
Ophthalmology,Part-11,Retinal Vascular & Infectious Pathologies,"What are Roth spots associated with, and what other stigmata of the same disease appear on the hands?","Roth spots are associated with Infective Endocarditis (embolic phenomenon); other associated signs include Janeway lesions (vascular, painless, on the palms) and Osler's nodes (on finger pulps, painful, immunological)."
Ophthalmology,Part-11,Retinal Vascular & Infectious Pathologies,"What is the classic fundus appearance of CMV retinitis, in whom is it seen, and what is the DOC?","'Pizza pie' appearance; seen in HIV/AIDS patients typically with CD4 count <50; drug of choice is Ganciclovir."
Ophthalmology,Part-11,Retinal Vascular & Infectious Pathologies,"What is the classic fundus appearance of active ocular toxoplasmosis, and what does a healed lesion look like?","'Headlight in fog' appearance for an active lesion; a healed lesion appears as a macular scar."
Ophthalmology,Part-11,Retinal Vascular & Infectious Pathologies,"What is 'salt and pepper' retinopathy, and what congenital infections cause it?",A speckled pigmentary retinopathy caused by congenital rubella and congenital syphilis.
Ophthalmology,Part-11,Retinopathy of Prematurity (ROP),"What are the risk factors for Retinopathy of Prematurity (ROP)?","Birth weight <1750-2000g, gestational age ≤34 weeks, and sick infants (those receiving oxygen therapy or with sepsis)."
Ophthalmology,Part-11,Retinopathy of Prematurity (ROP),What is the screening protocol timing for ROP based on gestational age?,"Infants born >28 weeks gestation: screen 4 weeks after birth. Infants born <28 weeks gestation: screen 2 weeks after birth (to rule out Aggressive Posterior ROP / AP-ROP)."
Ophthalmology,Part-11,Retinopathy of Prematurity (ROP),"Describe the 5 stages of ROP, and what is the treatment?","Stage 1: demarcation line between vascular and avascular retina. Stage 2: elevated ridge at the demarcation line. Stage 3: ridge with extraretinal fibrovascular proliferation (± 'Plus' disease). Stage 4: partial retinal detachment. Stage 5: total retinal detachment. Treatment: Cryotherapy or Laser photocoagulation."
Ophthalmology,Part-12,Retinal Dystrophies,"What is the typical inheritance, triad of signs, and clinical course of Retinitis Pigmentosa (RP)?","Most common inheritance: Autosomal Recessive (AR), more so than X-linked dominant/recessive. Classic triad: waxy/pale optic disc, arteriolar attenuation, and bony spicule pigmentation. Rods are affected more than cones. Clinically: early loss of night vision (nyctalopia), progressing to tunnel vision late in disease."
Ophthalmology,Part-12,Retinal Dystrophies,"What is the investigation of choice for Retinitis Pigmentosa, and which syndromes are associated with it?","IOC is ERG (electroretinography, typically abnormal); docosahexanoic acid levels are decreased. Associated syndromes: Usher syndrome (RP + SNHL), Refsum disease, Kearns-Sayre syndrome, and Bardet-Biedl syndrome."
Ophthalmology,Part-12,Retinal Dystrophies,What is Oguchi's disease (congenital stationary night blindness) and what fundus phenomenon characterizes it?,"A form of congenital stationary night blindness that shows the Mizuo-Nakamura phenomenon (fundus color changes with light/dark adaptation)."
Ophthalmology,Part-12,Retinal Dystrophies,"What is Best disease, what does the fundus show, what is the IOC, and what is the inheritance?","A vitelliform macular dystrophy (a cone dystrophy) showing an 'egg yolk' appearance on fundus exam; IOC is EOG (showing a decreased Arden's ratio); inherited in an Autosomal Dominant pattern."
Ophthalmology,Part-12,Retinal Dystrophies,"What is Stargardt's disease, and what are its key features?","A cone dystrophy showing a 'silent choroid' sign on FFA, bull's-eye maculopathy, and a fish-flecks/copper-beaten appearance (fundus flavimaculatus); caused by mutation of the ABCA4 gene on Chromosome 1; RPE is affected and ERG is abnormal."
Ophthalmology,Part-12,Retinal Dystrophies,"What is Age-Related Macular Degeneration (ARMD), what deposits characterize it, and how do dry and wet ARMD differ?","Drusen (composed of lipofuscin) accumulate between the RPE and Bruch's membrane. Dry ARMD is due to lipofuscin (drusen) deposition. Wet ARMD is due to neovascularization (NVI), which can progress to glaucoma."
Ophthalmology,Part-12,Retinal Dystrophies,What is the AREDS2 supplement formula used to slow progression of ARMD?,"Vitamin C, Vitamin E, Zinc, Copper, Lutein, and Zeaxanthin."
Ophthalmology,Part-12,Retinoblastoma,"What is the classic presentation of retinoblastoma, and what does B-mode USG and CT scan show?","Presents with leucocoria (white pupillary reflex); B-mode USG shows a mass in the retina with calcifications; CT scan shows calcium (Ca2+) deposits, which is the hallmark finding."
Ophthalmology,Part-12,Retinoblastoma,"What is PHPV, and how does it appear as a differential diagnosis for leucocoria?","Persistent Hyperplastic Primary Vitreous; shows a retrolental triangular opacity and a persistent hyaloid artery remnant/Cloquet's canal; an important differential for leucocoria (alongside retinoblastoma)."
Ophthalmology,Part-12,Retinoblastoma,"Differentiate Flexner-Wintersteiner (true) rosettes, Homer-Wright rosettes, and perivascular rosettes on histology.","Flexner-Wintersteiner (true) rosettes: cells arranged in a circle with an EMPTY center - seen in retinoblastoma. Homer-Wright rosettes: neuropil in the center - seen in retinoblastoma, medulloblastoma, and Ewing's sarcoma. Perivascular rosettes: blood vessel in the center - seen in ependymoma."
Ophthalmology,Part-12,Retinoblastoma,"What percentage of retinoblastoma cases are sporadic vs hereditary, and what percentage of hereditary cases are familial vs non-familial?","Sporadic: 60%. Hereditary: 40% (of which Familial = 7%, Non-familial = 33%)."
Ophthalmology,Part-12,Retinoblastoma,"What is the most common inheritance pattern of retinoblastoma, and which gene/chromosome is involved?","Most common inheritance is Autosomal Dominant; the RB gene is located on Chromosome 13."
Ophthalmology,Part-12,Retinoblastoma,"What is Trilateral Retinoblastoma, and what is the most common associated secondary cancer?","Retinoblastoma plus pinealoblastoma. The most common cancer associated with retinoblastoma overall is Osteosarcoma."
Ophthalmology,Part-12,Retinoblastoma,"What is the most common clinical feature of retinoblastoma, and what is the investigation of choice for assessing spread?","Leucocoria is more common than squint (esotropia); CE-MRI is the investigation of choice for assessing optic nerve spread."
Ophthalmology,Part-12,Retinoblastoma,"What is the treatment approach for bilateral retinoblastoma, and what is the chemotherapy regimen used?","Neoadjuvant chemotherapy (NACT) followed by surgery; the chemo regimen is CT VEC: Vincristine + Etoposide + Carboplatin. Surgical treatment for unresectable disease is Enucleation (removal of the globe along with the optic nerve)."
Ophthalmology,Part-12,Retinal Detachment,"How do Rhegmatogenous, Exudative, and Tractional retinal detachment differ in cause, mechanism, and appearance?","Rhegmatogenous RD: caused by trauma/myopia/surgery, involves an actual retinal break (e.g. horseshoe-shaped tear), presents as 'curtain falling in front of the eye', and shows Shaffer sign (tobacco dust/pigment cells in vitreous). Exudative RD: caused by uveitis or tumor ('fluid shift' mechanism), appears convex/dome-shaped; classic association is Coat's disease (young boys with unilateral lipid exudation); choroidal melanoma may show a 'collar stud' sign. Tractional RD: classically seen in diabetic retinopathy, appears concave/tent-shaped."
Ophthalmology,Part-12,Retinal Detachment,"What is the surgical treatment for retinal detachment, and what tamponade agents are used?","Scleral buckle plus retinopexy, using silicone oil or SF6 gas as a tamponade agent."
Ophthalmology,Part-12,Retinal Detachment,What is 'inverse hypopyon' and when does it occur?,"Silicone oil leaking into the anterior chamber, a complication seen after silicone oil tamponade for retinal detachment repair."
Ophthalmology,Part-13,Conjunctiva,"What is a pterygium, what clinical feature does it cause, which cells are deficient, and what is the surgical treatment?","A fibrovascular growth of conjunctiva onto the cornea; causes astigmatism; associated with limbus stem cell deficiency (stem cell markers ABCG2, CD34); treated surgically with PERFECT surgery (Pterygium Extended Resection Followed by Extended Conjunctival Transplant)."
Ophthalmology,Part-13,Conjunctiva,How do you differentiate a pingecula from a limbal dermoid?,"A pingecula is a conjunctival degeneration usually near but NOT at the limbus; a limbal dermoid is a congenital choristoma located AT the limbus."
Ophthalmology,Part-13,Conjunctiva,"How do you differentiate conjunctival follicles from papillae by color and causes?","Follicles appear grey/pale and are caused by toxins (e.g. apraclonidine), viruses (e.g. COVID-19), and Chlamydia. Papillae appear pink/red and are caused by bacterial infection, allergy (AKC/VKC), foreign body, and giant papillary conjunctivitis (GPC, from contact lens use)."
Ophthalmology,Part-13,Conjunctiva,"What is Vernal Keratoconjunctivitis (VKC/Spring Catarrh), who does it affect, what hypersensitivity type, and what are its key signs and treatment?","Affects boys aged 5-14 years; shows ropy discharge and the Maxwell-Lyon sign; a Type 1 hypersensitivity reaction; features include shield ulcer, cobblestone papillae, Horner-Tranta dots, and pseudogerontoxon; DOC is Olapatadine, with steroids used cautiously/as a last resort."
Ophthalmology,Part-13,Conjunctiva,"Describe the onset timing and treatment for chemical, gonococcal, and chlamydial neonatal conjunctivitis.","Chemical (from Crede's prophylaxis with silver nitrate/AgNO3): onset <24 hours, treated with eye lubricant. Gonococcal: onset 24-48 hours, treated with Ceftriaxone (or cefotaxime). Chlamydial (serotypes D-K): onset 5-14 days, treated with oral Erythromycin."
Ophthalmology,Part-13,Conjunctiva,Which Chlamydia trachomatis serotypes cause trachoma vs adult inclusion/neonatal conjunctivitis?,"Serotypes A-C cause trachoma. Serotypes D-K cause adult-onset inclusion conjunctivitis (also called 'swimming pool conjunctivitis') and neonatal chlamydial conjunctivitis."
Ophthalmology,Part-13,Conjunctiva,What organism causes angular conjunctivitis?,Moraxella.
Ophthalmology,Part-13,Conjunctiva,Which viruses cause hemorrhagic conjunctivitis?,"Coxsackievirus A24, Enterovirus 70, and Adenovirus."
Ophthalmology,Part-13,Conjunctiva,"What is phlyctenular conjunctivitis, and what type of hypersensitivity reaction and organism cause it?","A Type IV hypersensitivity reaction, classically caused by Tuberculosis (TB)."
Ophthalmology,Part-13,Trachoma,"What is trachoma also called, and what is its current elimination status in India?","Also called a 'water-washed' disease; it was declared eliminated from India in October 2024."
Ophthalmology,Part-13,Trachoma,"Describe the WHO FISTO staging system for trachoma.","F - Trachomatous Inflammation Follicular (TF): shows sago grain follicles. I - Trachomatous Inflammation Intense (TI). S - Trachomatous Scarring (TS): shows Arlt's line. T - Trachomatous Trichiasis (TT). O - Corneal Opacity (CO): the ultimate cause of blindness in trachoma."
Ophthalmology,Part-13,Trachoma,What is the SAFE strategy for trachoma control?,"Surgery, Antibiotics (Azithromycin 1g single dose), Facial cleanliness, and Environmental change."
Ophthalmology,Part-13,Trachoma,"What are Herbert's pits and HP bodies in trachoma?","Herbert's pits are healed limbal follicles. HP (Halberstaedter-Provazek) bodies are intracytoplasmic inclusion bodies seen on conjunctival scraping in trachoma."
Ophthalmology,Part-13,Trachoma,What are the WHO elimination criteria for trachoma as a public health problem?,"TF (Trachomatous Follicular Inflammation) prevalence <5% in children aged 1-9 years; TT (Trachomatous Trichiasis) prevalence <0.2% (<1 per 1000) in adults over 15 years."
Ophthalmology,Part-14,Orbit,"What defines proptosis, and how is it measured?","A distance greater than 21mm between the lateral orbital margin and the cornea, measured using Hertel's exophthalmometer."
Ophthalmology,Part-14,Orbit,"What causes pulsatile proptosis, proptosis that increases on bending/Valsalva, on crying, and with URTI?","Pulsatile proptosis: Carotico-Cavernous Fistula (CCF). Increases on bending/Valsalva: Orbital varix. Increases on crying: Encephalocele or Hemangioma. Increases with URTI: Lymphangioma."
Ophthalmology,Part-14,Orbit,What are the most common causes of orbital metastasis in children vs adults?,"Children: Neuroblastoma. Adults: Breast cancer."
Ophthalmology,Part-14,Orbit,"What are the most common benign and malignant primary orbital tumors in children, and in adults?","Children: Benign = Dermoid cyst; Malignant = Rhabdomyosarcoma. Adults: Benign = Hemangioma; Malignant = Non-Hodgkin Lymphoma (NHL), also referred to as chloroma when due to myeloid leukemic infiltration."
Ophthalmology,Part-14,Orbit,What is the most common lacrimal gland neoplasm?,Pleomorphic adenoma.
Ophthalmology,Part-14,Orbit,"Compare Orbital Apex Syndrome and Cavernous Sinus Thrombosis (CST) by nerves involved, vision loss, laterality, chemosis, and onset.","Orbital Apex Syndrome: involves CN II, III, IV, VI, and V1; causes VISION LOSS; typically UNILATERAL; mild chemosis/proptosis; GRADUAL onset. Cavernous Sinus Thrombosis (CST): involves CN III, IV, V1, V2, VI (often VI first); vision loss is usually ABSENT; typically BILATERAL; severe chemosis/proptosis; SUDDEN onset."
Ophthalmology,Part-14,Orbit,What is Tolosa-Hunt syndrome?,"A form of orbital apex syndrome (painful ophthalmoplegia) caused by idiopathic granulomatous inflammation."
Ophthalmology,Part-14,Orbit,What is the Chandler staging sequence for the progression of orbital cellulitis?,"Preseptal cellulitis → Orbital cellulitis (with proptosis) → Subperiosteal abscess → Orbital abscess → Cavernous Sinus Thrombosis (CST)."
Ophthalmology,Part-14,Lacrimal Apparatus,"What direction does the nasolacrimal duct (NLD) course, and where does it open?","Infero-latero-posterior direction; opens into the inferior meatus of the nose."
Ophthalmology,Part-14,Lacrimal Apparatus,"What are the three layers of the tear film, their sources, and the deficiency state associated with each?","Inner layer: Mucin, from goblet cells - deficient in Vitamin A deficiency. Middle layer: Aqueous, from the lacrimal gland - deficient in Keratoconjunctivitis Sicca. Outer layer: Lipid, from Meibomian glands - altered/deficient in contact lens users."
Ophthalmology,Part-14,Lacrimal Apparatus,"In the workup of watering eye, what does a 'hard stop' vs 'soft stop' on syringing and probing indicate?","Hard stop indicates the probe has reached the nasolacrimal duct (NLD) bone, suggesting no proximal obstruction. Soft stop indicates obstruction at the canaliculi or lacrimal sac (probe meets a springy resistance before reaching bone)."
Ophthalmology,Part-14,Lacrimal Apparatus,"In evaluating watering eye with NO mechanical obstruction on probing, describe the Jones dye test 1 and test 2 workup and interpretation.","Jones Dye Test 1: fluorescein dye instilled in the eye; if it is recovered from the nose (opacify positive), the system is functioning normally. If NOT recovered (opacify negative), proceed to Jones Dye Test 2: irrigate the lacrimal system with saline; if dye now appears in the nose (opacify positive), this indicates a PARTIAL obstruction; if dye still does not appear (opacify negative), this indicates PUMP FAILURE (functional epiphora)."
Ophthalmology,Part-14,Lacrimal Apparatus,"What are the Schirmer's test, Phenol red test, and Tear Breakup Time (TBUT) used for, and what are their normal values?","Schirmer's test: uses Whatman filter paper no. 41 to measure aqueous tear production; normal is >15mm wetting in 5 minutes. Phenol red thread test: normal is around 15 seconds. Tear Breakup Time (TBUT): assesses mucin layer stability; normal is >10 seconds."
Ophthalmology,Part-14,Lacrimal Apparatus,"What is the most common cause of congenital dacryocystitis, and what is the stepwise management?","Most common cause is obstruction at the valve of Hasner. Management: Crigler's massage + topical antibiotics first-line → if this fails, Probing and syringing (performed between 6-18 months of age) → DCR (Dacryocystorhinostomy), which can be done as early as 18 months but is ideally performed at ≥4 years of age."
Ophthalmology,Part-14,Lacrimal Apparatus,What is the treatment for chronic dacryocystitis?,DCR (Dacryocystorhinostomy).
Ophthalmology,Part-14,Lacrimal Apparatus,"Differentiate Hudson-Stahli line, Stocker's line, Ferry's line, and Fleischer's ring by location and cause.","Hudson-Stahli line: a normal age-related iron deposition line at the lower lid margin on the cornea, related to siderosis bulbi. Stocker's line: iron deposition around a pterygium. Ferry's line: iron deposition around a filtering bleb. Fleischer's ring: iron deposition in the corneal epithelium, seen in keratoconus."
Ophthalmology,Part-14,Eyelids,"What is a chalazion, and what important diagnosis must be ruled out in recurrent cases?","A recurrent, painless, chronic granulomatous inflammation of the Meibomian gland; recurrent chalazion should prompt ruling out sebaceous cell carcinoma."
Ophthalmology,Part-14,Eyelids,Differentiate internal hordeolum from external hordeolum (stye)?,"Internal hordeolum: acute inflammation of the Meibomian gland. External hordeolum (stye): inflammation of the Zeis gland, and is painful."
Ophthalmology,Part-14,Eyelids,"Define distichiasis, ankyloblepharon, and symblepharon.","Distichiasis: an extra (second) row of eyelashes. Ankyloblepharon: fusion of the upper and lower eyelid margins. Symblepharon: fusion of the bulbar and palpebral conjunctiva."
Ophthalmology,Part-14,Eyelids,"Define madarosis, ectropion, and tylosis of the eyelids.","Madarosis: absence of eyelashes. Ectropion: outward turning/eversion of the eyelid. Tylosis: thickening of the eyelids."
Ophthalmology,Part-15,Eye Trauma,What is a Vossius ring and how does it form?,A ring of iris pigment imprinted on the anterior lens capsule following blunt ocular trauma.
Ophthalmology,Part-15,Eye Trauma,Differentiate iridodialysis from iridodonesis.,"Iridodialysis: traumatic separation of the iris root from the ciliary body. Iridodonesis: a tremulous (shaking) iris, typically seen with lens subluxation or aphakia."
Ophthalmology,Part-15,Eye Trauma,What is a rosette/stellate cataract and how does it form?,A characteristic pattern of traumatic cataract following blunt ocular injury.
Ophthalmology,Part-15,Eye Trauma,"What is siderosis bulbi, what is the first investigation, the investigation of choice, and what imaging is contraindicated?","Siderosis bulbi occurs from a retained intraocular foreign body containing iron; first investigation is a plain X-ray; the investigation of choice is NCCT (Non-Contrast CT); MRI is CONTRAINDICATED due to the metallic foreign body."
Ophthalmology,Part-15,Eye Trauma,"What is sympathetic ophthalmitis, what injury causes it, what is the timeline, and what histologic finding and hypersensitivity type are involved?","A granulomatous panuveitis developing in the contralateral (uninjured) eye after penetrating trauma involving the ciliary body of the injured eye; onset is typically at least 2 weeks after the injury; shows Dalen-Fuchs nodules on histology, representing a Type IV hypersensitivity reaction."
Ophthalmology,Part-15,Eye Trauma,"Why is the eye considered an 'immune privileged' site, and how is sympathetic ophthalmitis prevented/treated?","The eye (along with the testes) is an immune-privileged site. Sympathetic ophthalmitis is prevented by enucleation of the severely injured eye (before the contralateral eye is affected); once it occurs, it is treated with steroids."
Ophthalmology,Part-15,Eye Trauma,"Differentiate enucleation, evisceration, and exenteration by what is removed and their indications.","Enucleation: removal of the entire globe including the optic nerve; indicated in retinoblastoma, sympathetic ophthalmitis, and severe trauma. Evisceration: removal of intraocular contents with the sclera left behind; indicated in endophthalmitis. Exenteration: removal of all orbital/eyeball contents; indicated in mucormycosis and orbital metastasis."
Ophthalmology,Part-16,Extraocular Muscles (EOM),"List the nerve supply and primary, secondary, and tertiary actions of the Superior Rectus (SR), Inferior Rectus (IR), Superior Oblique (SO), and Inferior Oblique (IO).","SR (CN III): Primary = Elevation, Secondary = Intorsion, Tertiary = Adduction. IR (CN III): Primary = Depression, Secondary = Extorsion, Tertiary = Adduction. SO (CN IV): Primary = Intorsion, Secondary = Depression, Tertiary = Abduction. IO (CN III): Primary = Extorsion, Secondary = Elevation, Tertiary = Abduction."
Ophthalmology,Part-16,Extraocular Muscles (EOM),"What is the nerve supply and primary action of Medial Rectus (MR) and Lateral Rectus (LR)?","MR (CN III): Adduction only. LR (CN VI): Abduction only."
Ophthalmology,Part-16,Extraocular Muscles (EOM),"What do the mnemonics 'SIN' and 'RAD' help remember about EOM actions?","'SIN' = Superior muscles (SR and SO) both cause Intorsion. 'RAD' = Rectus muscles (SR and IR) both cause ADduction (as their tertiary action)."
Ophthalmology,Part-16,Extraocular Muscles (EOM),Which extraocular muscle is the longest and does NOT arise from the Annulus of Zinn?,"The Superior Oblique (SO) is the longest muscle. The Inferior Oblique (IO) is the muscle that does NOT arise from the Annulus of Zinn."
Ophthalmology,Part-16,Extraocular Muscles (EOM),What do Herring's law and Sherrington's law describe?,"Herring's law: yoke muscles (in the two eyes working together for a given gaze) receive equal and simultaneous innervation. Sherrington's law: reciprocal inhibition occurs to the antagonist muscle when an agonist contracts."
Ophthalmology,Part-16,Squint - Types & Classification,What is apparent/pseudo-squint and what causes it?,A false appearance of squint caused by epicanthal folds or an increased interpupillary distance (hypertelorism) - there is no true misalignment.
Ophthalmology,Part-16,Squint - Types & Classification,Differentiate tropia from phoria.,Tropia = manifest squint (visible deviation present under normal binocular viewing). Phoria = latent squint (deviation only appears when binocular fusion is disrupted).
Ophthalmology,Part-16,Squint - Types & Classification,"Define esotropia, exotropia, hypertropia, and hypotropia.","Esotropia = inward deviation. Exotropia = outward deviation. Hypertropia = upward deviation. Hypotropia = downward deviation."
Ophthalmology,Part-16,Squint - Types & Classification,Which type of diplopia (crossed or uncrossed) is seen with esotropia vs exotropia?,"Esotropia causes uncrossed diplopia. Exotropia causes crossed diplopia."
Ophthalmology,Part-16,Squint - Types & Classification,"How do you differentiate a paralytic (incomitant) squint from a non-paralytic (comitant) squint using primary and secondary deviation?","If secondary deviation > primary deviation (2>1), the squint is paralytic/incomitant. If primary deviation = secondary deviation (1=2), the squint is non-paralytic/comitant."
Ophthalmology,Part-16,Squint - Types & Classification,"What is the Forced Duction Test, and how does it differentiate a paralytic from a restrictive squint?","In a paralytic squint, the globe moves passively when force is applied (forced duction test negative). In a restrictive squint, the globe does NOT move with forced duction (forced duction test positive), due to mechanical restriction."
Ophthalmology,Part-16,Squint - Types & Classification,"How do you localize the lesion based on ptosis combined with pupil findings: dilated pupil, constricted pupil, or normal light reflex?","Ptosis + dilated pupil = 3rd cranial nerve (CN III) palsy. Ptosis + constricted pupil = Horner's syndrome. Ptosis + normal light reflex = Myasthenia Gravis."
Ophthalmology,Part-16,Park 3-Step Test,"What is the two-axis rule of the Park 3-step test for localizing a paretic vertical eye muscle, based on gaze and head tilt?","Gaze axis: an increase in deviation on gaze to the SAME side (ipsilateral gaze) implicates an INFERIOR muscle (IR or IO); an increase on gaze to the OPPOSITE side (contralateral gaze) implicates a SUPERIOR muscle (SR or SO). Head tilt axis: an increase in deviation on head tilt to the SAME side (ipsilateral tilt) implicates an OBLIQUE muscle (SO or IO); an increase on tilt to the OPPOSITE side (contralateral tilt) implicates a RECTUS muscle (SR or IR). Combining both findings identifies the single paretic muscle."
Ophthalmology,Part-16,Park 3-Step Test,"Worked example: A patient has left hypertropia that increases on right head tilt and right gaze. Which muscle is paretic?","Right tilt is contralateral to the hypertropic (left) eye → implicates a Rectus muscle. Right gaze is also contralateral → implicates a Superior muscle. Combined answer: Right Superior Rectus palsy."
Ophthalmology,Part-16,Park 3-Step Test,"Worked example: A patient has right hypotropia (equivalent to left hypertropia) that increases on left head tilt and right gaze. Which muscle is paretic?","Left tilt is ipsilateral to the hypertropic (left) eye → implicates an Oblique muscle. Right gaze is contralateral to the left eye → implicates a Superior muscle. Combined answer: Left Superior Oblique palsy."
Ophthalmology,Part-16,Park 3-Step Test,"Clinical vignette: A patient has a habitual left head tilt; on straightening the head, right hypotropia appears, which increases on right gaze (dextroversion) and right head tilt. Which muscle is paralyzed (options: Right SO, Right SR, Right IO, Left IO)?","[FLAGGED - source did not explicitly state the correct answer]. Based on standard teaching of compensatory head posture in vertical muscle palsies, the classically cited answer to this vignette is Right Superior Oblique (SO) palsy; however, please verify this independently, as the exact step-by-step reasoning was not fully specified in the source material."
Ophthalmology,Part-16,Squint - Clinical Tests,"What does the Hirschberg test measure, and what is the rule of thumb for corneal light reflex displacement?","Measures the amount/angle of squint using the corneal light reflex; as a rule of thumb, 1mm of light reflex decentration corresponds to approximately 15 degrees (prism diopters) of squint."
Ophthalmology,Part-16,Squint - Clinical Tests,"What does the cover test detect, and what does the uncover test detect?","Cover test (Manifesting test): detects manifest squint (tropia) - when covering the fixing eye, the other (deviated) eye is seen to move to take up fixation. Uncover test: detects latent squint (phoria) - the eyes appear normal initially; when one eye is covered, it drifts to a deviated position; upon uncovering, it moves back/corrects to re-establish fusion."
Ophthalmology,Part-16,Squint - Clinical Tests,"What is the Maddox rod test used for, and how is it performed?","Used to detect and measure phorias by removing fusion between the two eyes; the Maddox rod converts a point light source into a line perpendicular to the axis of the rod, and the rod is kept parallel to the axis of the suspected squint."
Ophthalmology,Part-16,Squint - Clinical Tests,"In the Prism Bar test, which base direction neutralizes esotropia, exotropia, hypotropia, and hypertropia (this test is most accurate for measuring the degree of tropia)?","Esotropia: Base OUT. Exotropia: Base IN. Hypotropia: Base UP. Hypertropia: Base DOWN."
Ophthalmology,Part-16,Squint - Clinical Tests,What is the Worth 4-dot test used for and what does it assess?,"Uses red-green glasses and a 4-dot light target to assess binocular single vision, detect suppression of one eye, and diagnose diplopia (crossed/uncrossed) or deviation (e.g. left/right hyper-deviation) based on the pattern of dots perceived."
Ophthalmology,Part-16,Squint - Clinical Tests,What is a Hess chart used for?,Diagnosing and monitoring diplopia and extraocular muscle palsy by plotting/comparing the visual fields of each eye over time.
Ophthalmology,Part-16,Squint - Clinical Tests,"What is the RAF ruler used for, and what does the Synaptophore assess?","RAF (Royal Air Force) ruler is used to assess binocular vision (near point of convergence/accommodation). The Synaptophore assesses binocular vision in three grades: simultaneous macular perception, fusion, and stereopsis (using paired test images like a bird and cage, a lion and cage/tail, and a bucket and handle)."
Ophthalmology,Part-16,Squint - Clinical Tests,What does the Titmus Fly test assess?,Stereopsis (depth perception).
Ophthalmology,Part-16,Squint - Miscellaneous,"What is Duane's Retraction Syndrome, and how are its three types classified?","A congenital condition causing globe retraction on adduction. Type 1: abduction deficit. Type 2: adduction deficit. Type 3: both abduction and adduction deficits."
Ophthalmology,Part-16,Squint - Miscellaneous,"What is amblyopia (lazy eye), its main causes, prevention, and the two main strabismus surgery techniques?","Amblyopia is loss of vision without an organic cause, usually due to strabismus or uncorrected refractive error; prevented/treated by patching the dominant/good eye. Strabismus surgery: Recession = weakening a muscle (moving its insertion posteriorly); Resection = strengthening a muscle (shortening it)."
Ophthalmology,Part-16,Squint - Miscellaneous,"Based on levator palpebrae superioris (LPS) function, what ptosis surgery is chosen for good, moderate, and poor LPS function?","Good LPS function (e.g. mild ptosis, Horner's syndrome): Fasanella-Servat procedure. Moderate LPS function: Levator resection. Poor LPS function (e.g. severe congenital ptosis, Marcus-Gunn ptosis): Frontalis sling / fascia lata suspension."
Ophthalmology,Part-16,Squint - Miscellaneous,What is the Marcus Gunn jaw-winking phenomenon?,"A synkinetic (co-activation) phenomenon between the trigeminal nerve (CN V) and oculomotor nerve (CN III), where eyelid elevation occurs with jaw movement."
Ophthalmology,Part-16,Squint - Miscellaneous,"What is Brown syndrome, and what causes it?","A condition with defective elevation in adduction but normal elevation in abduction, caused by restriction of the superior oblique tendon sheath."
Ophthalmology,Part-16,Squint - Miscellaneous,"What is the characteristic CT/MRI sign of optic nerve meningioma, and with which syndrome is it associated?","The 'tram-track' sign; associated with Neurofibromatosis type 2 (NF2)."
Ophthalmology,Part-17,Refractive Errors - Myopia & Hypermetropia,"How do axial length, anterior chamber depth, and squint tendency differ in myopia vs hypermetropia?","Myopia: increased axial length, deeper anterior chamber, tendency toward Exotropia. Hypermetropia: decreased axial length, shallower anterior chamber, tendency toward Esotropia."
Ophthalmology,Part-17,Refractive Errors - Myopia & Hypermetropia,"Differentiate axial, curvature, index, and positional myopia by their underlying cause.","Axial myopia: increased axial length of the eye. Curvature myopia: increased corneal curvature, as in keratoconus. Index myopia: increased refractive index, as in nuclear cataract. Positional myopia: anteriorly positioned lens, as in Weill-Marchesani syndrome."
Ophthalmology,Part-17,Refractive Errors - Myopia & Hypermetropia,What fundus changes are seen in pathological (degenerative) myopia?,"Tigroid appearance, chorioretinal atrophy, Foster-Fuchs spot, lacquer cracks, rhegmatogenous retinal detachment, and posterior staphyloma."
Ophthalmology,Part-17,Refractive Errors - Myopia & Hypermetropia,"What are the surgical treatment options for myopia, and what are the contraindications/thresholds for LASIK and ICL?","Radial keratotomy (historic); LASIK (Laser-Assisted In-Situ Keratomileusis) - contraindicated if age <18 years, unstable refractive power, or corneal thickness <450 micrometers; SMILE (Small Incision Lenticule Extraction); Phakic Refractive Lens (PRL) / Implantable Collamer Lens (ICL) - generally used for myopia ≥8D."
Ophthalmology,Part-17,Refractive Errors - Myopia & Hypermetropia,What fundus findings are characteristic of hypermetropia?,"A small disc with ill-defined margins that can simulate papillitis (pseudopapilledema); a shiny 'shot-silk' retinal appearance; and accentuated vessel light reflexes."
Ophthalmology,Part-17,Refractive Errors - Myopia & Hypermetropia,What refractive difference between the two eyes defines anisometropia?,A difference of more than 2.5 D between the two eyes.
Ophthalmology,Part-17,Visual Acuity Testing,"What does the Snellen's chart measure, how is visual acuity (VA) expressed, and what are the best and minimum recordable values?","Measures visual acuity; VA is expressed as a fraction = testing distance / distance at which a normal eye can read that line; Best VA recordable = 6/5; Minimum VA recordable = 1/60."
Ophthalmology,Part-17,Visual Acuity Testing,"What angle does each letter subtend on a Snellen's chart, and how do you calculate the angle subtended by the topmost letter when viewed from 6 meters?","Each letter subtends an angle of 5 minutes of arc when viewed from its designated (respective) testing distance. The angle subtended by the topmost letter when viewed from 6m = (distance of the letter's designated testing distance ÷ actual distance of testing) × 5."
Ophthalmology,Part-17,Visual Acuity Testing,"What does the distance from the Snellen's chart to the patient correspond to optically, and what is the pinhole test used for?","The testing distance corresponds to the nodal point of the eye. The pinhole test is used to check whether a patient's reduced vision improves with pinhole occlusion, which indicates the reduction is due to an uncorrected refractive error."
Ophthalmology,Part-17,Visual Acuity Testing,"Which visual acuity charts are used for illiterate patients, for maximum accuracy (least crowding phenomenon), and for children?","Illiterate patients: Landolt C chart. Most accurate, with least crowding phenomenon: ETDRS chart. Children: Teller's chart and Optokinetic drum."
Ophthalmology,Part-17,Astigmatism,"What is astigmatism, and what defines 'regular' astigmatism?","Astigmatism is a refractive error where refractive power differs across different meridians (axes) of the eye. Regular astigmatism has its two principal meridians perpendicular to each other."
Ophthalmology,Part-17,Astigmatism,"Differentiate With-The-Rule (WTR) and Against-The-Rule (ATR) astigmatism by which meridian is more curved and typical age group.","WTR astigmatism: vertical meridian is more curved; typically seen in the young. ATR astigmatism: horizontal meridian is more curved; typically seen in the elderly."
Ophthalmology,Part-17,Astigmatism,"In WTR astigmatism, what is the refractive power (concave/convex) at the 180° meridian vs the 90° meridian? Compare with ATR astigmatism.","WTR astigmatism: at 180° = concave (minus power); at 90° = convex (plus power). ATR astigmatism: at 180° = convex (plus power); at 90° = concave (minus power)."
Ophthalmology,Part-17,Astigmatism,"Differentiate simple myopic, compound myopic, mixed, simple hyperopic, and compound hyperopic astigmatism with example prescriptions.","Simple myopic astigmatism: one meridian is myopic, the other emmetropic (e.g. -2DC only). Compound myopic astigmatism: both meridians are myopic (e.g. -2DC/-1DS). Mixed astigmatism: one meridian myopic, the other hyperopic (e.g. +3DS/-4DC). Simple hyperopic astigmatism: one meridian hyperopic, other emmetropic (e.g. +2DC only). Compound hyperopic astigmatism: both meridians hyperopic (e.g. +2DC/+1DS)."
Ophthalmology,Part-17,Astigmatism,What optical phenomenon/diagram is used to explain and measure astigmatism?,Sturm's conoid - the pattern of image formation (a conoid of light rays with two focal lines) produced by an astigmatic optical system.
Ophthalmology,Part-17,Astigmatism,"Classify the following prescriptions: -2 cylinder @180°; -1DS/-2DC @180°; -3DS/-4DC @90°.","-2 cyl @180° = Simple Myopic WTR astigmatism. -1DS/-2DC @180° = Compound Myopic WTR astigmatism. -3DS/-4DC @90° = Compound Myopic ATR astigmatism."
Ophthalmology,Part-18,Miscellaneous - Color Vision & Retinoscopy,"What are the Ishihara chart, Farnsworth-Munsell 100 Hue test, and Peli-Robson chart each used for?","Ishihara chart: screening test for color blindness. Farnsworth-Munsell 100 Hue test: detailed/quantitative test for color vision defects. Peli-Robson chart: tests contrast sensitivity."
Ophthalmology,Part-18,Miscellaneous - Color Vision & Retinoscopy,"What is the inheritance pattern and most common type of color blindness, and what are the three subtypes?","Inherited in an X-linked recessive (XLR) pattern; the most common type overall is red-green color blindness. Subtypes: Protanopia (red), Deuteranopia (green), and Tritanopia (blue)."
Ophthalmology,Part-18,Miscellaneous - Color Vision & Retinoscopy,"In retinoscopy performed at 1 meter, what does 'no movement', 'against movement', and 'with movement' of the reflex indicate?","No movement of reflex = exactly 1 Diopter (D) of myopia (neutralization point matches the 1m working distance). Against movement = greater than 1D of myopia. With movement = less than 1D of myopia, OR hypermetropia."
Ophthalmology,Part-18,Laser Types in Ophthalmology,"Classify photocoagulation, photoablation, and photodisruption lasers by wavelength/type and their clinical uses.","Photocoagulation: Double-frequency Nd-YAG laser (532nm) or Argon laser - used for Pan-Retinal Photocoagulation (PRP) and laser trabeculoplasty. Photoablation: Argon Fluoride Excimer laser (193nm) - used for LASIK. Photodisruption: Nd-YAG laser (1064nm) - used for posterior capsulotomy (for PCO) and peripheral iridotomy (PI)."
Ophthalmology,Part-18,Laser Types in Ophthalmology,Which laser type and wavelength is used for SMILE and FLACS procedures?,Nd:Glass laser (1053nm).
Ophthalmology,Part-18,Clinical Localization & Steroid Effects,"Based on presenting symptoms, how do you localize the likely cause: gradual painless DOV, sudden painful red eye with DOV, sudden painless DOV, floaters, and metamorphopsia?","Gradual progressive painless diminution of vision (DOV): Cataract or Open Angle Glaucoma (OAG). Sudden painful red eye + DOV: Angle Closure Glaucoma (ACG), Uveitis, or Trauma. Sudden painless DOV: CRAO, CRVO, or Retinal Detachment (RD). Floaters: Vitreous pathology. Metamorphopsia: Macular pathology."
Ophthalmology,Part-18,Clinical Localization & Steroid Effects,What are the characteristic ocular side effects of topical vs systemic corticosteroids?,Topical steroids classically cause Glaucoma. Systemic steroids classically cause Cataract.
Ophthalmology,Part-18,Clinical Localization & Steroid Effects,"In what order should eye drops and eye ointment be instilled if both are prescribed, and what is the initial management of a chemical eye injury?","Eye drops should be instilled BEFORE ointment. Chemical injury to the eye is managed with immediate copious irrigation."
Ophthalmology,Part-18,Vitreous Degenerations,"Differentiate Asteroid Hyalosis from Synchysis Scintillans by composition, patient group, and behavior with gravity.","Asteroid Hyalosis: composed of calcium hydroxyapatite, seen in the elderly, does NOT settle with gravity/change position. Synchysis Scintillans: due to vitreous liquefaction with cholesterol crystals, DOES settle with gravity (settles inferiorly on lying down)."
Ophthalmology,Part-18,Blindness Classification (NPCBVI),"According to WHO/NPCBVI Snellen visual acuity criteria, classify Normal vision, Low vision, Economic blindness, Social blindness, Manifest blindness, and Absolute blindness.","Normal: VA ≥6/18. Low vision (L): VA <6/18 to 6/60. Economic blindness (E): VA <6/60 to 3/60 (work vision absent). Social blindness (S): VA <3/60 to 1/60 (walking vision absent). Manifest blindness (M): VA <1/60 to Light Perception (LP). Absolute blindness (A): No Light Perception (NLP)."
Ophthalmology,Part-18,Blindness Classification (NPCBVI),"What is the current (NEW) definition of blindness under NPCBVI, how does it differ from the earlier definition, and what is the definition of visual impairment?","NEW definition: VA <3/60 OR visual field <10°, measured as PRESENTING vision (with whatever correction the person currently has available) in the BETTER eye. This differs from the EARLIER definition, which required testing with the BEST POSSIBLE correction (best refraction) rather than presenting/available correction. Visual impairment is defined as VA <6/18 in the better eye WITH best possible correction."
Ophthalmology,Part-18,Blindness Classification (NPCBVI),"Define the alpha, gamma, and kappa angles of the eye.","Alpha angle: angle between the visual axis and the optical axis. Gamma angle: angle between the fixation axis and the optical axis. Kappa angle: angle between the visual axis and the pupillary axis/plane."
Ophthalmology,Part-18,Community Ophthalmology,"How is school eye screening conducted under community ophthalmology programs - who performs it, at what age group, what is the screening ratio, and what is the referral criterion?","Performed by school teachers; targets children in the 5th-8th standard (age 10-14 years); conducted at a ratio of 1:150 (teacher-to-student screening ratio); children are referred to the PHC (Primary Health Centre) if visual acuity is worse than 6/9."
